,Symbol,Company Name
0,RELIANCE,Reliance Industries Limited
1,TCS,Tata Consultancy Services Limited
2,HDFCBANK,HDFC Bank Limited
3,ICICIBANK,ICICI Bank Limited
4,HINDUNILVR,Hindustan Unilever Limited
5,INFY,Infosys Limited
6,HDFC,Housing Development Finance Corporation Limited
7,ITC,ITC Limited
8,SBIN,State Bank of India
9,BHARTIARTL,Bharti Airtel Limited
10,KOTAKBANK,Kotak Mahindra Bank Limited
11,BAJFINANCE,Bajaj Finance Limited
12,LICI,Life Insurance Corporation Of India
13,LT,Larsen & Toubro Limited
14,HCLTECH,HCL Technologies Limited
15,ASIANPAINT,Asian Paints Limited
16,AXISBANK,Axis Bank Limited
17,MARUTI,Maruti Suzuki India Limited
18,SUNPHARMA,Sun Pharmaceutical Industries Limited
19,TITAN,Titan Company Limited
20,DMART,Avenue Supermarts Limited
21,ULTRACEMCO,UltraTech Cement Limited
22,BAJAJFINSV,Bajaj Finserv Limited
23,WIPRO,Wipro Limited
24,ADANIENT,Adani Enterprises Limited
25,ONGC,Oil & Natural Gas Corporation Limited
26,NTPC,NTPC Limited
27,JSWSTEEL,JSW Steel Limited
28,POWERGRID,Power Grid Corporation of India Limited
29,M&M,Mahindra & Mahindra Limited
30,LTIM,LTIMindtree Limited
31,TATAMOTORS,Tata Motors Limited
32,ADANIGREEN,Adani Green Energy Limited
33,ADANIPORTS,Adani Ports and Special Economic Zone Limited
34,COALINDIA,Coal India Limited
35,TATASTEEL,Tata Steel Limited
36,HINDZINC,Hindustan Zinc Limited
37,PIDILITIND,Pidilite Industries Limited
38,SIEMENS,Siemens Limited
39,ADANITRANS,Adani Transmission Limited
40,SBILIFE,SBI Life Insurance Company Limited
41,IOC,Indian Oil Corporation Limited
42,BAJAJ-AUTO,Bajaj Auto Limited
43,GRASIM,Grasim Industries Limited
44,TECHM,Tech Mahindra Limited
45,HDFCLIFE,HDFC Life Insurance Company Limited
46,BRITANNIA,Britannia Industries Limited
47,VEDL,Vedanta Limited
48,GODREJCP,Godrej Consumer Products Limited
49,DABUR,Dabur India Limited
50,ATGL,Adani Total Gas Limited
51,SHREECEM,SHREE CEMENT LIMITED
52,HAL,Hindustan Aeronautics Limited
53,HINDALCO,Hindalco Industries Limited
54,VBL,Varun Beverages Limited
55,DLF,DLF Limited
56,BANKBARODA,Bank of Baroda
57,INDUSINDBK,IndusInd Bank Limited
58,EICHERMOT,Eicher Motors Limited
59,DRREDDY,Dr. Reddy's Laboratories Limited
60,DIVISLAB,Divi's Laboratories Limited
61,BPCL,Bharat Petroleum Corporation Limited
62,HAVELLS,Havells India Limited
63,ADANIPOWER,Adani Power Limited
64,INDIGO,InterGlobe Aviation Limited
65,CIPLA,Cipla Limited
66,AMBUJACEM,Ambuja Cements Limited
67,SRF,SRF Limited
68,ABB,ABB India Limited
69,BEL,Bharat Electronics Limited
70,SBICARD,SBI Cards and Payment Services Limited
71,GAIL,GAIL (India) Limited
72,BAJAJHLDNG,Bajaj Holdings & Investment Limited
73,TATACONSUM,TATA CONSUMER PRODUCTS LIMITED
74,ICICIPRULI,ICICI Prudential Life Insurance Company Limited
75,CHOLAFIN,Cholamandalam Investment and Finance Company Limited
76,MARICO,Marico Limited
77,APOLLOHOSP,Apollo Hospitals Enterprise Limited
78,TATAPOWER,Tata Power Company Limited
79,BOSCHLTD,Bosch Limited
80,BERGEPAINT,Berger Paints (I) Limited
81,JINDALSTEL,Jindal Steel & Power Limited
82,MCDOWELL-N,United Spirits Limited
83,UPL,UPL Limited
84,AWL,Adani Wilmar Limited
85,ICICIGI,ICICI Lombard General Insurance Company Limited
86,TORNTPHARM,Torrent Pharmaceuticals Limited
87,CANBK,Canara Bank
88,PNB,Punjab National Bank
89,TVSMOTOR,TVS Motor Company Limited
90,ZYDUSLIFE,Zydus Lifesciences Limited
91,TIINDIA,Tube Investments of India Limited
92,TRENT,Trent Limited
93,IDBI,IDBI Bank Limited
94,NAUKRI,Info Edge (India) Limited
95,SHRIRAMFIN,Shriram Finance Limited
96,HEROMOTOCO,Hero MotoCorp Limited
97,INDHOTEL,The Indian Hotels Company Limited
98,PIIND,PI Industries Limited
99,IRCTC,Indian Railway Catering And Tourism Corporation Limited
100,CGPOWER,CG Power and Industrial Solutions Limited
101,UNIONBANK,Union Bank of India
102,MOTHERSON,Samvardhana Motherson International Limited
103,CUMMINSIND,Cummins India Limited
104,SCHAEFFLER,Schaeffler India Limited
105,LODHA,Macrotech Developers Limited
106,ZOMATO,Zomato Limited
107,PGHH,Procter & Gamble Hygiene and Health Care Limited
108,YESBANK,Yes Bank Limited
109,POLYCAB,Polycab India Limited
110,MAXHEALTH,Max Healthcare Institute Limited
111,IOB,Indian Overseas Bank
112,PAGEIND,Page Industries Limited
113,COLPAL,Colgate Palmolive (India) Limited
114,ASHOKLEY,Ashok Leyland Limited
115,ALKEM,Alkem Laboratories Limited
116,NHPC,NHPC Limited
117,PAYTM,One 97 Communications Limited
118,PFC,Power Finance Corporation Limited
119,JSWENERGY,JSW Energy Limited
120,MUTHOOTFIN,Muthoot Finance Limited
121,AUBANK,AU Small Finance Bank Limited
122,INDUSTOWER,Indus Towers Limited
123,BALKRISIND,Balkrishna Industries Limited
124,UBL,United Breweries Limited
125,ABCAPITAL,Aditya Birla Capital Limited
126,TATAELXSI,Tata Elxsi Limited
127,DALBHARAT,Dalmia Bharat Limited
128,HDFCAMC,HDFC Asset Management Company Limited
129,INDIANB,Indian Bank
130,ASTRAL,Astral Limited
131,BHARATFORG,Bharat Forge Limited
132,LTTS,L&T Technology Services Limited
133,MRF,MRF Limited
134,TATACOMM,Tata Communications Limited
135,NYKAA,FSN E-Commerce Ventures Limited
136,CONCOR,Container Corporation of India Limited
137,PERSISTENT,Persistent Systems Limited
138,PATANJALI,Patanjali Foods Limited
139,IRFC,Indian Railway Finance Corporation Limited
140,LINDEINDIA,Linde India Limited
141,IDFCFIRSTB,IDFC First Bank Limited
142,PETRONET,Petronet LNG Limited
143,SOLARINDS,Solar Industries India Limited
144,SAIL,Steel Authority of India Limited
145,MPHASIS,MphasiS Limited
146,HINDPETRO,Hindustan Petroleum Corporation Limited
147,APLAPOLLO,APL Apollo Tubes Limited
148,FLUOROCHEM,Gujarat Fluorochemicals Limited
149,NMDC,NMDC Limited
150,HONAUT,Honeywell Automation India Limited
151,SUPREMEIND,Supreme Industries Limited
152,GUJGASLTD,Gujarat Gas Limited
153,BANDHANBNK,Bandhan Bank Limited
154,ACC,ACC Limited
155,OBEROIRLTY,Oberoi Realty Limited
156,BANKINDIA,Bank of India
157,RECLTD,REC Limited
158,AUROPHARMA,Aurobindo Pharma Limited
159,STARHEALTH,Star Health and Allied Insurance Company Limited
160,IGL,Indraprastha Gas Limited
161,LUPIN,Lupin Limited
162,UCOBANK,UCO Bank
163,JUBLFOOD,Jubilant Foodworks Limited
164,POLICYBZR,PB Fintech Limited
165,GODREJPROP,Godrej Properties Limited
166,M&MFIN,Mahindra & Mahindra Financial Services Limited
167,IDEA,Vodafone Idea Limited
168,OFSS,Oracle Financial Services Software Limited
169,FEDERALBNK,The Federal Bank  Limited
170,MANYAVAR,Vedant Fashions Limited
171,UNOMINDA,UNO Minda Limited
172,AIAENG,AIA Engineering Limited
173,THERMAX,Thermax Limited
174,OIL,Oil India Limited
175,VOLTAS,Voltas Limited
176,3MINDIA,3M India Limited
177,COROMANDEL,Coromandel International Limited
178,SUNDARMFIN,Sundaram Finance Limited
179,KPITTECH,KPIT Technologies Limited
180,DEEPAKNTR,Deepak Nitrite Limited
181,ESCORTS,Escorts Kubota Limited
182,BIOCON,Biocon Limited
183,TATACHEM,Tata Chemicals Limited
184,TORNTPOWER,Torrent Power Limited
185,GMRINFRA,GMR Airports Infrastructure Limited
186,BHEL,Bharat Heavy Electricals Limited
187,SONACOMS,Sona BLW Precision Forgings Limited
188,DELHIVERY,Delhivery Limited
189,SYNGENE,Syngene International Limited
190,CRISIL,CRISIL Limited
191,GICRE,General Insurance Corporation of India
192,COFORGE,Coforge Limited
193,PHOENIXLTD,The Phoenix Mills Limited
194,JKCEMENT,JK Cement Limited
195,POONAWALLA,Poonawalla Fincorp Limited
196,GLAXO,GlaxoSmithKline Pharmaceuticals Limited
197,MFSL,Max Financial Services Limited
198,METROBRAND,Metro Brands Limited
199,MSUMI,Motherson Sumi Wiring India Limited
200,SUMICHEM,Sumitomo Chemical India Limited
201,RELAXO,Relaxo Footwears Limited
202,NAVINFLUOR,Navin Fluorine International Limited
203,SKFINDIA,SKF India Limited
204,CENTRALBK,Central Bank of India
205,GLAND,Gland Pharma Limited
206,KANSAINER,Kansai Nerolac Paints Limited
207,GRINDWELL,Grindwell Norton Limited
208,TIMKEN,Timken India Limited
209,IPCALAB,IPCA Laboratories Limited
210,SUNDRMFAST,Sundram Fasteners Limited
211,ATUL,Atul Limited
212,ZEEL,Zee Entertainment Enterprises Limited
213,L&TFH,L&T Finance Holdings Limited
214,ABFRL,Aditya Birla Fashion and Retail Limited
215,APOLLOTYRE,Apollo Tyres Limited
216,KPRMILL,K.P.R. Mill Limited
217,ZFCVINDIA,ZF Commercial Vehicle Control Systems India Limited
218,FORTIS,Fortis Healthcare Limited
219,AARTIIND,Aarti Industries Limited
220,HATSUN,Hatsun Agro Product Limited
221,CARBORUNIV,Carborundum Universal Limited
222,CROMPTON,Crompton Greaves Consumer Electricals Limited
223,VINATIORGA,Vinati Organics Limited
224,IIFL,IIFL Finance Limited
225,BATAINDIA,Bata India Limited
226,BDL,Bharat Dynamics Limited
227,LICHSGFIN,LIC Housing Finance Limited
228,RAJESHEXPO,Rajesh Exports Limited
229,RAMCOCEM,The Ramco Cements Limited
230,ENDURANCE,Endurance Technologies Limited
231,DEVYANI,Devyani International Limited
232,PSB,Punjab & Sind Bank
233,DIXON,Dixon Technologies (India) Limited
234,KAJARIACER,Kajaria Ceramics Limited
235,WHIRLPOOL,Whirlpool of India Limited
236,MAHABANK,Bank of Maharashtra
237,SUNTV,Sun TV Network Limited
238,PEL,Piramal Enterprises Limited
239,PRESTIGE,Prestige Estates Projects Limited
240,NIACL,The New India Assurance Company Limited
241,RADICO,Radico Khaitan Limited
242,PFIZER,Pfizer Limited
243,NH,Narayana Hrudayalaya Ltd.
244,EMAMILTD,Emami Limited
245,LAURUSLABS,Laurus Labs Limited
246,FIVESTAR,Five-Star Business Finance Limited
247,AJANTPHARM,Ajanta Pharma Limited
248,INDIAMART,Indiamart Intermesh Limited
249,360ONE,360 ONE WAM LIMITED
250,KEI,KEI Industries Limited
251,JBCHEPHARM,JB Chemicals & Pharmaceuticals Limited
252,LALPATHLAB,Dr. Lal Path Labs Ltd.
253,JSL,Jindal Stainless Limited
254,IRB,IRB Infrastructure Developers Limited
255,EXIDEIND,Exide Industries Limited
256,PVR,PVR Limited
257,GSPL,Gujarat State Petronet Limited
258,BLUEDART,Blue Dart Express Limited
259,NATIONALUM,National Aluminium Company Limited
260,RVNL,Rail Vikas Nigam Limited
261,CREDITACC,CREDITACCESS GRAMEEN LIMITED
262,TRIDENT,Trident Limited
263,POWERINDIA,Hitachi Energy India Limited
264,MEDANTA,Global Health Limited
265,GILLETTE,Gillette India Limited
266,RATNAMANI,Ratnamani Metals & Tubes Limited
267,ELGIEQUIP,Elgi Equipments Limited
268,ISEC,ICICI Securities Limited
269,CGCL,Capri Global Capital Limited
270,GODREJIND,Godrej Industries Limited
271,CLEAN,Clean Science and Technology Limited
272,MAZDOCK,Mazagon Dock Shipbuilders Limited
273,MAHINDCIE,Mahindra CIE Automotive Limited
274,AEGISCHEM,Aegis Logistics Limited
275,FACT,Fertilizers and Chemicals Travancore Limited
276,BLUESTARCO,Blue Star Limited
277,SANOFI,Sanofi India Limited
278,FINEORG,Fine Organic Industries Limited
279,AFFLE,Affle (India) Limited
280,GLENMARK,Glenmark Pharmaceuticals Limited
281,NAM-INDIA,Nippon Life India Asset Management Limited
282,SJVN,SJVN Limited
283,REDINGTON,Redington Limited
284,AAVAS,Aavas Financiers Limited
285,IDFC,IDFC Limited
286,FINCABLES,Finolex Cables Limited
287,NUVOCO,Nuvoco Vistas Corporation Limited
288,BAJAJELEC,Bajaj Electricals Limited
289,APTUS,Aptus Value Housing Finance India Limited
290,SUVENPHAR,Suven Pharmaceuticals Limited
291,ASTERDM,Aster DM Healthcare Limited
292,RHIM,RHI MAGNESITA INDIA LIMITED
293,KEC,KEC International Limited
294,SONATSOFTW,Sonata Software Limited
295,AETHER,Aether Industries Limited
296,DCMSHRIRAM,DCM Shriram Limited
297,IEX,Indian Energy Exchange Limited
298,HAPPSTMNDS,Happiest Minds Technologies Limited
299,KIMS,Krishna Institute of Medical Sciences Limited
300,ALKYLAMINE,Alkyl Amines Chemicals Limited
301,CYIENT,Cyient Limited
302,CHAMBLFERT,Chambal Fertilizers & Chemicals Limited
303,ASAHIINDIA,Asahi India Glass Limited
304,CASTROLIND,Castrol India Limited
305,BRIGADE,Brigade Enterprises Limited
306,KALYANKJIL,Kalyan Jewellers India Limited
307,TTML,Tata Teleservices (Maharashtra) Limited
308,VGUARD,V-Guard Industries Limited
309,NLCINDIA,NLC India Limited
310,LAXMIMACH,Lakshmi Machine Works Limited
311,TRITURBINE,Triveni Turbine Limited
312,FINPIPE,Finolex Industries Limited
313,AKZOINDIA,Akzo Nobel India Limited
314,MANAPPURAM,Manappuram Finance Limited
315,EIHOTEL,EIH Limited
316,CENTURYPLY,Century Plyboards (India) Limited
317,NATCOPHARM,Natco Pharma Limited
318,KIOCL,KIOCL Limited
319,CHOLAHLDNG,Cholamandalam Financial Holdings Limited
320,CAMPUS,Campus Activewear Limited
321,CAMS,Computer Age Management Services Limited
322,AMARAJABAT,Amara Raja Batteries Limited
323,ZYDUSWELL,Zydus Wellness Limited
324,BASF,BASF India Limited
325,TEJASNET,Tejas Networks Limited
326,APLLTD,Alembic Pharmaceuticals Limited
327,MGL,Mahanagar Gas Limited
328,GRINFRA,G R Infraprojects Limited
329,ANGELONE,Angel One Limited
330,SFL,Sheela Foam Limited
331,TTKPRESTIG,TTK Prestige Limited
332,APARINDS,Apar Industries Limited
333,HINDCOPPER,Hindustan Copper Limited
334,CDSL,Central Depository Services (India) Limited
335,GODFRYPHLP,Godfrey Phillips India Limited
336,RENUKA,Shree Renuka Sugars Limited
337,CUB,City Union Bank Limited
338,JKLAKSHMI,JK Lakshmi Cement Limited
339,ANURAS,Anupam Rasayan India Limited
340,MRPL,Mangalore Refinery and Petrochemicals Limited
341,GESHIP,The Great Eastern Shipping Company Limited
342,POLYMED,Poly Medicure Limited
343,NSLNISP,NMDC Steel Limited
344,BIKAJI,Bikaji Foods International Limited
345,MOTILALOFS,Motilal Oswal Financial Services Limited
346,ABSLAMC,Aditya Birla Sun Life AMC Limited
347,CESC,CESC Limited
348,TATAINVEST,Tata Investment Corporation Limited
349,ALLCARGO,Allcargo Logistics Limited
350,KALPATPOWR,Kalpataru Power Transmission Limited
351,PNBHOUSING,PNB Housing Finance Limited
352,HUDCO,Housing & Urban Development Corporation Limited
353,ITI,ITI Limited
354,ROUTE,ROUTE MOBILE LIMITED
355,RITES,RITES Limited
356,VTL,Vardhman Textiles Limited
357,RBLBANK,RBL Bank Limited
358,HFCL,HFCL Limited
359,KARURVYSYA,Karur Vysya Bank Limited
360,CERA,Cera Sanitaryware Limited
361,EIDPARRY,EID Parry India Limited
362,INGERRAND,Ingersoll Rand (India) Limited
363,GALAXYSURF,Galaxy Surfactants Limited
364,PPLPHARMA,Piramal Pharma Limited
365,UTIAMC,UTI Asset Management Company Limited
366,KRBL,KRBL Limited
367,RAYMOND,Raymond Limited
368,ASTRAZEN,AstraZeneca Pharma India Limited
369,VIPIND,VIP Industries Limited
370,ACI,Archean Chemical Industries Limited
371,BALRAMCHIN,Balrampur Chini Mills Limited
372,SUZLON,Suzlon Energy Limited
373,GODREJAGRO,Godrej Agrovet Limited
374,GNFC,Gujarat Narmada Valley Fertilizers and Chemicals Limited
375,ERIS,Eris Lifesciences Limited
376,PGHL,Procter & Gamble Health Limited
377,MEDPLUS,Medplus Health Services Limited
378,SAPPHIRE,Sapphire Foods India Limited
379,DATAPATTNS,Data Patterns (India) Limited
380,SUNCLAYLTD,Sundaram Clayton Limited
381,JBMA,JBM Auto Limited
382,EASEMYTRIP,Easy Trip Planners Limited
383,CCL,CCL Products (India) Limited
384,EQUITASBNK,Equitas Small Finance Bank Limited
385,CHALET,Chalet Hotels Limited
386,RAINBOW,Rainbow Childrens Medicare Limited
387,PNCINFRA,PNC Infratech Limited
388,FSL,Firstsource Solutions Limited
389,KSB,Ksb Limited
390,BSOFT,BIRLASOFT LIMITED
391,KNRCON,KNR Constructions Limited
392,SHOPERSTOP,Shoppers Stop Limited
393,SYMPHONY,Symphony Limited
394,CENTURYTEX,Century Textiles & Industries Limited
395,CANFINHOME,Can Fin Homes Limited
396,GRANULES,Granules India Limited
397,TANLA,Tanla Platforms Limited
398,JYOTHYLAB,Jyothy Labs Limited
399,SPLPETRO,Supreme Petrochem Limited
400,DEEPAKFERT,Deepak Fertilizers and Petrochemicals Corporation Limited
401,CRAFTSMAN,Craftsman Automation Limited
402,BIRLACORPN,Birla Corporation Limited
403,BLS,BLS International Services Limited
404,SHYAMMETL,Shyam Metalics and Energy Limited
405,NCC,NCC Limited
406,GMMPFAUDLR,GMM Pfaudler Limited
407,LATENTVIEW,Latent View Analytics Limited
408,USHAMART,Usha Martin Limited
409,HOMEFIRST,Home First Finance Company India Limited
410,JKPAPER,JK Paper Limited
411,TMB,Tamilnad Mercantile Bank Limited
412,JINDWORLD,Jindal Worldwide Limited
413,METROPOLIS,Metropolis Healthcare Limited
414,SAREGAMA,Saregama India Limited
415,NBCC,NBCC (India) Limited
416,ECLERX,eClerx Services Limited
417,BALAMINES,Balaji Amines Limited
418,WELSPUNIND,Welspun India Limited
419,PRAJIND,Praj Industries Limited
420,COCHINSHIP,Cochin Shipyard Limited
421,ZENSARTECH,Zensar Technologies Limited
422,AMBER,Amber Enterprises India Limited
423,LEMONTREE,Lemon Tree Hotels Limited
424,PRINCEPIPE,Prince Pipes And Fittings Limited
425,TRIVENI,Triveni Engineering & Industries Limited
426,GARFIBRES,Garware Technical Fibres Limited
427,LXCHEM,Laxmi Organic Industries Limited
428,STLTECH,Sterlite Technologies Limited
429,CEATLTD,CEAT Limited
430,BSE,BSE Limited
431,SPARC,Sun Pharma Advanced Research Company Limited
432,ALOKINDS,Alok Industries Limited
433,ORIENTELEC,Orient Electric Limited
434,INDIACEM,The India Cements Limited
435,JUBLINGREA,Jubilant Ingrevia Limited
436,KIRLOSENG,Kirloskar Oil Engines Limited
437,TCIEXP,TCI Express Limited
438,JMFINANCIL,JM Financial Limited
439,NETWORK18,Network18 Media & Investments Limited
440,BBTC,Bombay Burmah Trading Corporation Limited
441,SWANENERGY,Swan Energy Limited
442,GPPL,Gujarat Pipavav Port Limited
443,KAYNES,Kaynes Technology India Limited
444,VRLLOG,VRL Logistics Limited
445,INTELLECT,Intellect Design Arena Limited
446,SWSOLAR,Sterling and Wilson Renewable Energy Limited
447,CHEMPLASTS,Chemplast Sanmar Limited
448,QUESS,Quess Corp Limited
449,ROLEXRINGS,Rolex Rings Limited
450,MAHLIFE,Mahindra Lifespace Developers Limited
451,ESABINDIA,Esab India Limited
452,MHRIL,Mahindra Holidays & Resorts India Limited
453,GOCOLORS,Go Fashion (India) Limited
454,HGS,Hinduja Global Solutions Limited
455,BORORENEW,BOROSIL RENEWABLES LIMITED
456,GAEL,Gujarat Ambuja Exports Limited
457,MAPMYINDIA,C.E. Info Systems Limited
458,PRSMJOHNSN,Prism Johnson Limited
459,RUSTOMJEE,Keystone Realtors Limited
460,IRCON,Ircon International Limited
461,RCF,Rashtriya Chemicals and Fertilizers Limited
462,WELCORP,Welspun Corp Limited
463,BEML,BEML Limited
464,GRSE,Garden Reach Shipbuilders & Engineers Limited
465,EPL,EPL Limited
466,MINDACORP,Minda Corporation Limited
467,GRAPHITE,Graphite India Limited
468,HGINFRA,H.G. Infra Engineering Limited
469,OLECTRA,Olectra Greentech Limited
470,RELINFRA,Reliance Infrastructure Limited
471,JUSTDIAL,Just Dial Limited
472,RAIN,Rain Industries Limited
473,IONEXCHANG,ION Exchange (India) Limited
474,EDELWEISS,Edelweiss Financial Services Limited
475,UJJIVANSFB,Ujjivan Small Finance Bank Limited
476,TV18BRDCST,TV18 Broadcast Limited
477,GPIL,Godawari Power And Ispat limited
478,MTARTECH,Mtar Technologies Limited
479,TCI,Transport Corporation of India Limited
480,RTNINDIA,RattanIndia Enterprises Limited
481,VSTIND,VST Industries Limited
482,SAFARI,Safari Industries (India) Limited
483,ACE,Action Construction Equipment Limited
484,MAHSCOOTER,Maharashtra Scooters Limited
485,DELTACORP,Delta Corp Limited
486,GLS,Glenmark Life Sciences Limited
487,GHCL,GHCL Limited
488,INDIGOPNTS,Indigo Paints Limited
489,MAHSEAMLES,Maharashtra Seamless Limited
490,SUPRAJIT,Suprajit Engineering Limited
491,KFINTECH,Kfin Technologies Limited
492,GSFC,Gujarat State Fertilizers & Chemicals Limited
493,J&KBANK,The Jammu & Kashmir Bank Limited
494,RELIGARE,Religare Enterprises Limited
495,MASTEK,Mastek Limited
496,SIS,SIS LIMITED
497,JINDALSAW,Jindal Saw Limited
498,TEGA,Tega Industries Limited
499,SYRMA,Syrma SGS Technology Limited
500,AVANTIFEED,Avanti Feeds Limited
501,STARCEMENT,Star Cement Limited
502,IBULHSGFIN,Indiabulls Housing Finance Limited
503,RKFORGE,Ramkrishna Forgings Limited
504,CAPLIPOINT,Caplin Point Laboratories Limited
505,VAIBHAVGBL,Vaibhav Global Limited
506,RBA,Restaurant Brands Asia Limited
507,JUBLPHARMA,Jubilant Pharmova Limited
508,SHARDACROP,Sharda Cropchem Limited
509,NIITLTD,NIIT Limited
510,PCBL,PCBL LIMITED
511,MASFIN,MAS Financial Services Limited
512,SCI,Shipping Corporation Of India Limited
513,PDSL,PDS Limited
514,GUJALKALI,Gujarat Alkalies and Chemicals Limited
515,ELECON,Elecon Engineering Company Limited
516,CMSINFO,CMS Info Systems Limited
517,VMART,V-Mart Retail Limited
518,ICRA,ICRA Limited
519,JSWHL,JSW Holdings Limited
520,FDC,FDC Limited
521,CSBBANK,CSB Bank Limited
522,KTKBANK,The Karnataka Bank Limited
523,MMTC,MMTC Limited
524,ENGINERSIN,Engineers India Limited
525,SUNTECK,Sunteck Realty Limited
526,PRIVISCL,Privi Speciality Chemicals Limited
527,PARADEEP,Paradeep Phosphates Limited
528,SOBHA,Sobha Limited
529,FUSION,Fusion Micro Finance Limited
530,GMDCLTD,Gujarat Mineral Development Corporation Limited
531,VIJAYA,Vijaya Diagnostic Centre Limited
532,JAMNAAUTO,Jamna Auto Industries Limited
533,ANANTRAJ,Anant Raj Limited
534,SANSERA,Sansera Engineering Limited
535,MFL,Meghmani Finechem Limited
536,AHLUCONT,Ahluwalia Contracts (India) Limited
537,BSHSL,Bombay Super Hybrid Seeds Limited
538,TATACOFFEE,Tata Coffee Limited
539,TEAMLEASE,Teamlease Services Limited
540,JKTYRE,JK Tyre & Industries Limited
541,VARROC,Varroc Engineering Limited
542,GREENLAM,Greenlam Industries Limited
543,JPPOWER,Jaiprakash Power Ventures Limited
544,INFIBEAM,Infibeam Avenues Limited
545,SPANDANA,Spandana Sphoorty Financial Limited
546,HSCL,Himadri Speciality Chemical Limited
547,BHARATRAS,Bharat Rasayan Limited
548,RAJRATAN,Rajratan Global Wire Limited
549,LAOPALA,La Opala RG Limited
550,SARDAEN,Sarda Energy & Minerals Limited
551,RALLIS,Rallis India Limited
552,BOROLTD,Borosil Limited
553,RATEGAIN,Rategain Travel Technologies Limited
554,SCHNEIDER,Schneider Electric Infrastructure Limited
555,RPOWER,Reliance Power Limited
556,ARVINDFASN,Arvind Fashions Limited
557,TATVA,Tatva Chintan Pharma Chem Limited
558,POWERMECH,Power Mech Projects Limited
559,HCG,Healthcare Global Enterprises Limited
560,NESCO,Nesco Limited
561,HEIDELBERG,HeidelbergCement India Limited
562,TECHNOE,Techno Electric & Engineering Company Limited
563,POLYPLEX,Polyplex Corporation Limited
564,SURYAROSNI,Surya Roshni Limited
565,AUTOAXLES,Automotive Axles Limited
566,JWL,Jupiter Wagons Limited
567,NFL,National Fertilizers Limited
568,HEG,HEG Limited
569,RAJRILTD,Raj Rayon Industries Limited
570,CHENNPETRO,Chennai Petroleum Corporation Limited
571,WSTCSTPAPR,West Coast Paper Mills Limited
572,LUXIND,Lux Industries Limited
573,HIKAL,Hikal Limited
574,MIDHANI,Mishra Dhatu Nigam Limited
575,HLEGLAS,HLE Glascoat Limited
576,SHAREINDIA,Share India Securities Limited
577,NOCIL,NOCIL Limited
578,NAZARA,Nazara Technologies Limited
579,BANARISUG,Bannari Amman Sugars Limited
580,ANANDRATHI,Anand Rathi Wealth Limited
581,PRUDENT,Prudent Corporate Advisory Services Limited
582,GRAVITA,Gravita India Limited
583,GREENPANEL,Greenpanel Industries Limited
584,VESUVIUS,Vesuvius India Limited
585,DCBBANK,DCB Bank Limited
586,ROSSARI,Rossari Biotech Limited
587,RESPONIND,Responsive Industries Limited
588,TINPLATE,The Tinplate Company of India Limited
589,KIRLOSBROS,Kirloskar Brothers Limited
590,RAILTEL,Railtel Corporation Of India Limited
591,AMIORG,Ami Organics Limited
592,ISGEC,Isgec Heavy Engineering Limited
593,NEOGEN,Neogen Chemicals Limited
594,MARKSANS,Marksans Pharma Limited
595,NAVA,NAVA LIMITED
596,NEWGEN,Newgen Software Technologies Limited
597,BECTORFOOD,Mrs. Bectors Food Specialities Limited
598,TWL,Titagarh Wagons Limited
599,AARTIDRUGS,Aarti Drugs Limited
600,UJJIVAN,Ujjivan Financial Services Limited
601,GATEWAY,Gateway Distriparks Limited
602,SULA,Sula Vineyards Limited
603,DAAWAT,LT Foods Limited
604,SOUTHBANK,The South Indian Bank Limited
605,GET&D,GE T&D India Limited
606,HARSHA,Harsha Engineers International Limited
607,PGEL,PG Electroplast Limited
608,RSYSTEMS,R Systems International Limited
609,INDOCO,Indoco Remedies Limited
610,MOLDTKPAC,Mold-Tek Packaging Limited
611,IFBIND,IFB Industries Limited
612,SBCL,Shivalik Bimetal Controls Limited
613,BCG,Brightcom Group Limited
614,GREAVESCOT,Greaves Cotton Limited
615,MOIL,MOIL Limited
616,TATASTLLP,Tata Steel Long Products Limited
617,TARSONS,Tarsons Products Limited
618,SHANTIGEAR,Shanthi Gears Limited
619,CHOICEIN,Choice International Limited
620,TIIL,Technocraft Industries (India) Limited
621,DHANUKA,Dhanuka Agritech Limited
622,JCHAC,Johnson Controls - Hitachi Air Conditioning India Limited
623,DODLA,Dodla Dairy Limited
624,DALMIASUG,Dalmia Bharat Sugar and Industries Limited
625,VOLTAMP,Voltamp Transformers Limited
626,ASTEC,Astec LifeSciences Limited
627,SUDARSCHEM,Sudarshan Chemical Industries Limited
628,KSCL,Kaveri Seed Company Limited
629,SUNFLAG,Sunflag Iron And Steel Company Limited
630,IBREALEST,Indiabulls Real Estate Limited
631,THOMASCOOK,Thomas Cook  (India)  Limited
632,HBLPOWER,HBL Power Systems Limited
633,INOXWIND,Inox Wind Limited
634,NILKAMAL,Nilkamal Limited
635,ZENTEC,Zen Technologies Limited
636,TCNSBRANDS,TCNS Clothing Co. Limited
637,ADVENZYMES,Advanced Enzyme Technologies Limited
638,STAR,Strides Pharma Science Limited
639,FCL,Fineotex Chemical Limited
640,KKCL,Kewal Kiran Clothing Limited
641,HINDWAREAP,Hindware Home Innovation Limited
642,MAHLOG,Mahindra Logistics Limited
643,EMIL,Electronics Mart India Limited
644,JTEKTINDIA,Jtekt India Limited
645,MANINFRA,Man Infraconstruction Limited
646,ITDC,India Tourism Development Corporation Limited
647,APCOTEXIND,Apcotex Industries Limited
648,PRICOLLTD,Pricol Limited
649,PTC,PTC India Limited
650,AARTIPHARM,Aarti Pharmalabs Limited
651,MBAPL,Madhya Bharat Agro Products Limited
652,SAGCEM,Sagar Cements Limited
653,TDPOWERSYS,TD Power Systems Limited
654,JAICORPLTD,Jai Corp Limited
655,DBL,Dilip Buildcon Limited
656,BARBEQUE,Barbeque Nation Hospitality Limited
657,UNIPARTS,Uniparts India Limited
658,UFLEX,UFLEX Limited
659,WONDERLA,Wonderla Holidays Limited
660,PSPPROJECT,PSP Projects Limited
661,KIRLOSIND,Kirloskar Industries Limited
662,IPL,India Pesticides Limited
663,DISHTV,Dish TV India Limited
664,TATAMETALI,Tata Metaliks Limited
665,PAISALO,Paisalo Digital Limited
666,PFOCUS,Prime Focus Limited
667,HEMIPROP,Hemisphere Properties India Limited
668,LGBBROSLTD,LG Balakrishnan & Bros Limited
669,MAITHANALL,Maithan Alloys Limited
670,SSWL,Steel Strips Wheels Limited
671,NEULANDLAB,Neuland Laboratories Limited
672,HATHWAY,Hathway Cable & Datacom Limited
673,THYROCARE,Thyrocare Technologies Limited
674,ORIENTCEM,Orient Cement Limited
675,DREAMFOLKS,Dreamfolks Services Limited
676,ETHOSLTD,Ethos Limited
677,GLOBUSSPR,Globus Spirits Limited
678,GANESHHOUC,Ganesh Housing Corporation Limited
679,ARVIND,Arvind Limited
680,ICIL,Indo Count Industries Limited
681,SHRIPISTON,Shriram Pistons & Rings Limited
682,WOCKPHARMA,Wockhardt Limited
683,DBREALTY,D B Realty Limited
684,ISMTLTD,ISMT Limited
685,JINDALPOLY,Jindal Poly Films Limited
686,WABAG,VA Tech Wabag Limited
687,BAJAJCON,Bajaj Consumer Care Limited
688,GENUSPOWER,Genus Power Infrastructures Limited
689,BUTTERFLY,Butterfly Gandhimathi Appliances Limited
690,NAVNETEDUL,Navneet Education Limited
691,GOKEX,Gokaldas Exports Limited
692,APOLLOPIPE,Apollo Pipes Limited
693,LANDMARK,Landmark Cars Limited
694,IFCI,IFCI Limited
695,ATFL,Agro Tech Foods Limited
696,EVEREADY,Eveready Industries India Limited
697,AGI,AGI Greenpac Limited
698,TI,Tilaknagar Industries Limited
699,ASHOKA,Ashoka Buildcon Limited
700,SOMANYCERA,Somany Ceramics Limited
701,HCC,Hindustan Construction Company Limited
702,JISLJALEQS,Jain Irrigation Systems Limited
703,VINDHYATEL,Vindhya Telelinks Limited
704,FIEMIND,Fiem Industries Limited
705,TASTYBITE,Tasty Bite Eatables Limited
706,JAYNECOIND,Jayaswal Neco Industries Limited
707,HONDAPOWER,Honda India Power Products Limited
708,UNICHEMLAB,Unichem Laboratories Limited
709,MUKANDLTD,Mukand Limited
710,CIGNITITEC,Cigniti Technologies Limited
711,MMFL,MM Forgings Limited
712,VENKEYS,Venky's (India) Limited
713,RAMKY,Ramky Infrastructure Limited
714,DIVGIITTS,Divgi Torqtransfer Systems Limited
715,CAMLINFINE,Camlin Fine Sciences Limited
716,SHILPAMED,Shilpa Medicare Limited
717,GULFOILLUB,Gulf Oil Lubricants India Limited
718,MOL,Meghmani Organics Limited
719,DOLLAR,Dollar Industries Limited
720,VSTTILLERS,V.S.T Tillers Tractors Limited
721,SUBROS,Subros Limited
722,DCAL,Dishman Carbogen Amcis Limited
723,GABRIEL,Gabriel India Limited
724,MAXVIL,Max Ventures and Industries Limited
725,SIYSIL,Siyaram Silk Mills Limited
726,TVSSRICHAK,TVS Srichakra Limited
727,ASTRAMICRO,Astra Microwave Products Limited
728,JKIL,J.Kumar Infraprojects Limited
729,JAGRAN,Jagran Prakashan Limited
730,ELECTCAST,Electrosteel Castings Limited
731,CARERATING,CARE Ratings Limited
732,INDIAGLYCO,India Glycols Limited
733,BALMLAWRIE,Balmer Lawrie & Company Limited
734,KOLTEPATIL,Kolte - Patil Developers Limited
735,IMAGICAA,Imagicaaworld Entertainment Limited
736,WELENT,Welspun Enterprises Limited
737,TIPSINDLTD,TIPS Industries Limited
738,SWARAJENG,Swaraj Engines Limited
739,MAYURUNIQ,Mayur Uniquoters Ltd
740,GANECOS,Ganesha Ecosphere Limited
741,PARAS,Paras Defence and Space Technologies Limited
742,LUMAXTECH,Lumax Auto Technologies Limited
743,ACCELYA,Accelya Solutions India Limited
744,KESORAMIND,Kesoram Industries Limited
745,CARTRADE,Cartrade Tech Limited
746,MPSLTD,MPS Limited
747,SEQUENT,Sequent Scientific Limited
748,HIL,HIL Limited
749,GUFICBIO,Gufic Biosciences Limited
750,ITDCEM,ITD Cementation India Limited
751,PILANIINVS,Pilani Investment and Industries Corporation Limited
752,MSTCLTD,Mstc Limited
753,LSIL,Lloyds Steels Industries Limited
754,PANAMAPET,Panama Petrochem Limited
755,OPTIEMUS,Optiemus Infracom Limited
756,SIRCA,Sirca Paints India Limited
757,TIRUMALCHM,Thirumalai Chemicals Limited
758,DYNAMATECH,Dynamatic Technologies Limited
759,SUNDARMHLD,Sundaram Finance Holdings Limited
760,TIMETECHNO,Time Technoplast Limited
761,DBCORP,D.B.Corp Limited
762,ASHIANA,Ashiana Housing Limited
763,CONFIPET,Confidence Petroleum India Limited
764,DIAMONDYD,Prataap Snacks Limited
765,NUCLEUS,Nucleus Software Exports Limited
766,GREENPLY,Greenply Industries Limited
767,JPASSOCIAT,Jaiprakash Associates Limited
768,WENDT,Wendt (India) Limited
769,FINOPB,Fino Payments Bank Limited
770,FMGOETZE,Federal-Mogul Goetze (India) Limited.
771,SANGHIIND,Sanghi Industries Limited
772,VAKRANGEE,Vakrangee Limited
773,GNA,GNA Axles Limited
774,AMRUTANJAN,Amrutanjan Health Care Limited
775,EMUDHRA,eMudhra Limited
776,DATAMATICS,Datamatics Global Services Limited
777,SHARDAMOTR,Sharda Motor Industries Limited
778,IOLCP,IOL Chemicals and Pharmaceuticals Limited
779,LUMAXIND,Lumax Industries Limited
780,BAJAJHIND,Bajaj Hindusthan Sugar Limited
781,STYLAMIND,Stylam Industries Limited
782,ANDHRAPAP,ANDHRA PAPER LIMITED
783,SOTL,Savita Oil Technologies Limited
784,ADFFOODS,ADF Foods Limited
785,VIDHIING,Vidhi Specialty Food Ingredients Limited
786,KABRAEXTRU,Kabra Extrusion Technik Limited
787,BEPL,Bhansali Engineering Polymers Limited
788,RUPA,Rupa & Company Limited
789,NACLIND,NACL Industries Limited
790,VSSL,Vardhman Special Steels Limited
791,VISHNU,Vishnu Chemicals Limited
792,DWARKESH,Dwarikesh Sugar Industries Limited
793,DHANI,Dhani Services Limited
794,BANCOINDIA,Banco Products (I) Limited
795,KINGFA,Kingfa Science & Technology (India) Limited
796,SUBEXLTD,Subex Limited
797,HINDOILEXP,Hindustan Oil Exploration Company Limited
798,RTNPOWER,RattanIndia Power Limited
799,VADILALIND,Vadilal Industries Limited
800,BBOX,Black Box Limited
801,ORCHPHARMA,Orchid Pharma Limited
802,PURVA,Puravankara Limited
803,COSMOFIRST,COSMO FIRST LIMITED
804,IMFA,Indian Metals & Ferro Alloys Limited
805,SUPRIYA,Supriya Lifescience Limited
806,SAKSOFT,Saksoft Limited
807,IIFLSEC,IIFL Securities Limited
808,SANGHVIMOV,Sanghvi Movers Limited
809,GOKULAGRO,Gokul Agro Resources Limited
810,ALEMBICLTD,Alembic Limited
811,VENUSPIPES,Venus Pipes & Tubes Limited
812,SEAMECLTD,Seamec Limited
813,TNPL,Tamil Nadu Newsprint & Papers Limited
814,KPIGREEN,KPI Green Energy Limited
815,BFINVEST,BF Investment Limited
816,SESHAPAPER,Seshasayee Paper and Boards Limited
817,DHAMPURSUG,Dhampur Sugar Mills Limited
818,ANDHRSUGAR,The Andhra Sugars Limited
819,KIRIINDUS,Kiri Industries Limited
820,TTKHLTCARE,TTK Healthcare Limited
821,CARYSIL,CARYSIL LIMITED
822,GOCLCORP,GOCL Corporation Limited
823,JSWISPL,JSW Ispat Special Products Limited
824,STERTOOLS,Sterling Tools Limited
825,SHALBY,Shalby Limited
826,TIDEWATER,Tide Water Oil Company (India) Limited
827,KRSNAA,Krsnaa Diagnostics Limited
828,KRISHANA,Krishana Phoschem Limited
829,HUHTAMAKI,Huhtamaki India Limited
830,BBL,Bharat Bijlee Limited
831,SEPC,SEPC Limited
832,ORISSAMINE,The Orissa Minerals Development Company Limited
833,FILATEX,Filatex India Limited
834,THEJO,Thejo Engineering Limited
835,APTECHT,Aptech Limited
836,ORIENTHOT,Oriental Hotels Limited
837,DCXINDIA,DCX Systems Limited
838,FOSECOIND,Foseco India Limited
839,GOLDIAM,Goldiam International Limited
840,SHANKARA,Shankara Building Products Limited
841,INSECTICID,Insecticides (India) Limited
842,THANGAMAYL,Thangamayil Jewellery Limited
843,SHK,S H Kelkar and Company Limited
844,TEXRAIL,Texmaco Rail & Engineering Limited
845,CANTABIL,Cantabil Retail India Limited
846,GALLANTT,Gallantt Ispat Limited
847,HERITGFOOD,Heritage Foods Limited
848,KCP,KCP Limited
849,MOREPENLAB,Morepen Laboratories Limited
850,GATI,GATI Limited
851,RAMASTEEL,Rama Steel Tubes Limited
852,HESTERBIO,Hester Biosciences Limited
853,NRBBEARING,NRB Bearing Limited
854,INDOSTAR,IndoStar Capital Finance Limited
855,MONTECARLO,Monte Carlo Fashions Limited
856,KSL,Kalyani Steels Limited
857,KDDL,KDDL Limited
858,TCPLPACK,TCPL Packaging Limited
859,MARATHON,Marathon Nextgen Realty Limited
860,ARVSMART,Arvind SmartSpaces Limited
861,DCW,DCW Limited
862,DEN,Den Networks Limited
863,STEELXIND,STEEL EXCHANGE INDIA LIMITED
864,EIHAHOTELS,EIH Associated Hotels Limited
865,IGPL,IG Petrochemicals Limited
866,NITINSPIN,Nitin Spinners Limited
867,EXPLEOSOL,Expleo Solutions Limited
868,VERANDA,Veranda Learning Solutions Limited
869,SALASAR,Salasar Techno Engineering Limited
870,STYRENIX,Styrenix Performance Materials Limited
871,ADORWELD,Ador Welding Limited
872,BHAGCHEM,Bhagiradha Chemicals & Industries Limited
873,PCJEWELLER,PC Jeweller Limited
874,GENESYS,Genesys International Corporation Limited
875,STOVEKRAFT,Stove Kraft Limited
876,RANEHOLDIN,Rane Holdings Limited
877,NDTV,New Delhi Television Limited
878,XPROINDIA,Xpro India Limited
879,MANORAMA,Manorama Industries Limited
880,GRWRHITECH,Garware Hi-Tech Films Limited
881,HARIOMPIPE,Hariom Pipe Industries Limited
882,SANDHAR,Sandhar Technologies Limited
883,AVTNPL,AVT Natural Products Limited
884,IWEL,Inox Wind Energy Limited
885,SJS,S.J.S. Enterprises Limited
886,EVERESTIND,Everest Industries Limited
887,FAIRCHEMOR,Fairchem Organics Limited
888,SASKEN,Sasken Technologies Limited
889,OAL,Oriental Aromatics Limited
890,NELCO,NELCO Limited
891,RIIL,Reliance Industrial Infrastructure Limited
892,SOLARA,Solara Active Pharma Sciences Limited
893,TAJGVK,Taj GVK Hotels & Resorts Limited
894,BOMDYEING,Bombay Dyeing & Mfg Company Limited
895,MANGCHEFER,Mangalore Chemicals & Fertilizers Limited
896,GOODLUCK,Goodluck India Limited
897,RPGLIFE,RPG Life Sciences Limited
898,PATELENG,Patel Engineering Limited
899,SPIC,Southern Petrochemicals Industries Corporation  Limited
900,INOXGREEN,Inox Green Energy Services Limited
901,GIPCL,Gujarat Industries Power Company Limited
902,UNIVCABLES,Universal Cables Limited
903,NSIL,Nalwa Sons Investments Limited
904,HMT,HMT Limited
905,MATRIMONY,Matrimony.Com Limited
906,MTNL,Mahanagar Telephone Nigam Limited
907,SDBL,Som Distilleries & Breweries Limited
908,VALIANTORG,Valiant Organics Limited
909,ARMANFIN,Arman Financial Services Limited
910,REPCOHOME,Repco Home Finance Limited
911,HERANBA,Heranba Industries Limited
912,BFUTILITIE,BF Utilities Limited
913,PRECWIRE,Precision Wires India Limited
914,AXITA,Axita Cotton Limited
915,GRMOVER,GRM Overseas Limited
916,GTPL,GTPL Hathway Limited
917,IGARASHI,Igarashi Motors India Limited
918,INFOBEAN,InfoBeans Technologies Limited
919,ALICON,Alicon Castalloy Limited
920,THEMISMED,Themis Medicare Limited
921,TVTODAY,TV Today Network Limited
922,WHEELS,Wheels India Limited
923,RPSGVENT,RPSG VENTURES LIMITED
924,RAMCOIND,Ramco Industries Limited
925,SMLISUZU,SML Isuzu Limited
926,AHL,Abans Holdings Limited
927,UNIENTER,Uniphos Enterprises Limited
928,SATIN,Satin Creditcare Network Limited
929,KUANTUM,Kuantum Papers Limited
930,GANESHBE,Ganesh Benzoplast Limited
931,SUVEN,Suven Life Sciences Limited
932,SATIA,Satia Industries Limited
933,GULPOLY,Gulshan Polyols Limited
934,UGARSUGAR,The Ugar Sugar Works Limited
935,MANALIPETC,Manali Petrochemicals Limited
936,PIXTRANS,Pix Transmissions Limited
937,SHRIRAMPPS,Shriram Properties Limited
938,RADIANTCMS,Radiant Cash Management Services Limited
939,PNBGILTS,PNB Gilts Limited
940,INDORAMA,Indo Rama Synthetics (India) Limited
941,ASHAPURMIN,Ashapura Minechem Limited
942,UGROCAP,Ugro Capital Limited
943,AXISCADES,AXISCADES Technologies Limited
944,HITECH,Hi-Tech Pipes Limited
945,PUNJABCHEM,Punjab Chemicals & Crop Protection Limited
946,SURYODAY,Suryoday Small Finance Bank Limited
947,EKC,Everest Kanto Cylinder Limited
948,JASH,Jash Engineering Limited
949,DPSCLTD,DPSC Limited
950,TARC,TARC Limited
951,BHARATWIRE,Bharat Wire Ropes Limited
952,EXCELINDUS,Excel Industries Limited
953,SPECIALITY,Speciality Restaurants Limited
954,ANUP,The Anup Engineering Limited
955,SKIPPER,Skipper Limited
956,AJMERA,Ajmera Realty & Infra India Limited
957,SHALPAINTS,Shalimar Paints Limited
958,GMBREW,GM Breweries Limited
959,SANGAMIND,Sangam (India) Limited
960,SHIVALIK,Shivalik Rasayan Limited
961,GMRP&UI,GMR Power and Urban Infra Limited
962,PENIND,Pennar Industries Limited
963,GEOJITFSL,Geojit Financial Services Limited
964,BCLIND,Bcl Industries Limited
965,DBOL,Dhampur Bio Organics Limited
966,SHAILY,Shaily Engineering Plastics Limited
967,LIKHITHA,Likhitha Infrastructure Limited
968,MADRASFERT,Madras Fertilizers Limited
969,STEELCAS,Steelcast Limited
970,MKPL,M K Proteins Limited
971,ROSSELLIND,Rossell India Limited
972,KITEX,Kitex Garments Limited
973,PRAKASH,Prakash Industries Limited
974,ARTEMISMED,Artemis Medicare Services Limited
975,RICOAUTO,Rico Auto Industries Limited
976,OMAXE,Omaxe Limited
977,CENTUM,Centum Electronics Limited
978,ROTO,Roto Pumps Limited
979,PRECAM,Precision Camshafts Limited
980,BIGBLOC,Bigbloc Construction Limited
981,SHREDIGCEM,Shree Digvijay Cement Co.Ltd
982,CLSEL,Chaman Lal Setia Exports Limited
983,GTLINFRA,GTL Infrastructure Limited
984,PGIL,Pearl Global Industries Limited
985,UTTAMSUGAR,Uttam Sugar Mills Limited
986,AVADHSUGAR,Avadh Sugar & Energy Limited
987,PITTIENG,Pitti Engineering Limited
988,5PAISA,5Paisa Capital Limited
989,NAHARSPING,Nahar Spinning Mills Limited
990,SPCENET,Spacenet Enterprises India Limited
991,SPORTKING,Sportking India Limited
992,DEEPINDS,Deep Industries Limited
993,PARAGMILK,Parag Milk Foods Limited
994,AGARIND,Agarwal Industrial Corporation Limited
995,CONTROLPR,Control Print Limited
996,BAJAJHCARE,Bajaj Healthcare Limited
997,KAMDHENU,Kamdhenu Limited
998,CHEMCON,Chemcon Speciality Chemicals Limited
999,GICHSGFIN,GIC Housing Finance Limited
1000,MEDICAMEQ,Medicamen Biotech Limited
1001,DLINKINDIA,D-Link (India) Limited
1002,ARIHANTSUP,Arihant Superstructures Limited
1003,VHL,Vardhman Holdings Limited
1004,PFS,PTC India Financial Services Limited
1005,HEXATRADEX,Hexa Tradex Limited
1006,RILINFRA,Rachana Infrastructure Limited
1007,CAPACITE,Capacit'e Infraprojects Limited
1008,SPAL,S. P. Apparels Limited
1009,NCLIND,NCL Industries Limited
1010,63MOONS,63 moons technologies limited
1011,NAVKARCORP,Navkar Corporation Limited
1012,ORIENTPPR,Orient Paper & Industries Limited
1013,DREDGECORP,Dredging Corporation of India Limited
1014,AMBIKCO,Ambika Cotton Mills Limited
1015,CENTRUM,Centrum Capital Limited
1016,LINC,Linc Limited
1017,RGL,Renaissance Global Limited
1018,SCHAND,S Chand And Company Limited
1019,NELCAST,Nelcast Limited
1020,FAZE3Q,Faze Three Limited
1021,KICL,Kalyani Investment Company Limited
1022,DVL,Dhunseri Ventures Limited
1023,JAGSNPHARM,Jagsonpal Pharmaceuticals Limited
1024,POKARNA,Pokarna Limited
1025,IFGLEXPOR,IFGL Refractories Limited
1026,TRIL,Transformers And Rectifiers (India) Limited
1027,CENTENKA,Century Enka Limited
1028,SMCGLOBAL,SMC Global Securities Limited
1029,ROHLTD,Royal Orchid Hotels Limited
1030,INDNIPPON,India Nippon Electricals Limited
1031,SHAKTIPUMP,Shakti Pumps (India) Limited
1032,NGLFINE,NGL Fine-Chem Limited
1033,IMPAL,India Motor Parts and Accessories Limited
1034,BLISSGVS,Bliss GVS Pharma Limited
1035,ALLSEC,Allsec Technologies Limited
1036,ORIENTBELL,Orient Bell Limited
1037,MANGLMCEM,Mangalam Cement Limited
1038,SANDESH,The Sandesh Limited
1039,BODALCHEM,Bodal Chemicals Limited
1040,ESTER,Ester Industries Limited
1041,ZOTA,Zota Health Care LImited
1042,RSWM,RSWM Limited
1043,INDRAMEDCO,Indraprastha Medical Corporation Limited
1044,QUICKHEAL,Quick Heal Technologies Limited
1045,SRHHYPOLTD,Sree Rayalaseema Hi-Strength Hypo Limited
1046,AURIONPRO,Aurionpro Solutions Limited
1047,GSLSU,Global Surfaces Limited
1048,SASTASUNDR,Sastasundar Ventures Limited
1049,MANAKSIA,Manaksia Limited
1050,AWHCL,Antony Waste Handling Cell Limited
1051,BLKASHYAP,B. L. Kashyap and Sons Limited
1052,RAMRAT,Ram Ratna Wires Limited
1053,JINDRILL,Jindal Drilling And Industries Limited
1054,VIMTALABS,Vimta Labs Limited
1055,CLOUD,Varanium Cloud Limited
1056,DPABHUSHAN,D. P. Abhushan Limited
1057,MOLDTECH,Mold-Tek Technologies Limited
1058,ATULAUTO,Atul Auto Limited
1059,KOKUYOCMLN,Kokuyo Camlin Limited
1060,SIGACHI,Sigachi Industries Limited
1061,HIMATSEIDE,Himatsingka Seide Limited
1062,LINCOLN,Lincoln Pharmaceuticals Limited
1063,GREENPOWER,Orient Green Power Company Limited
1064,EMAMIPAP,Emami Paper Mills Limited
1065,SATINDLTD,Sat Industries Limited
1066,RAMCOSYS,Ramco Systems Limited
1067,HPAL,HP Adhesives Limited
1068,OCCL,Oriental Carbon & Chemicals Limited
1069,FOCUS,Focus Lighting and Fixtures Limited
1070,GEPIL,GE Power India Limited
1071,SUTLEJTEX,Sutlej Textiles and Industries Limited
1072,PANACEABIO,Panacea Biotec Limited
1073,JAIBALAJI,Jai Balaji Industries Limited
1074,RML,Rane (Madras) Limited
1075,JETAIRWAYS,Jet Airways (India) Limited
1076,TRACXN,Tracxn Technologies Limited
1077,KHAICHEM,Khaitan Chemicals & Fertilizers Limited
1078,TNPETRO,Tamilnadu PetroProducts Limited
1079,ONWARDTEC,Onward Technologies Limited
1080,TFCILTD,Tourism Finance Corporation of India Limited
1081,ONMOBILE,OnMobile Global Limited
1082,INNOVANA,Innovana Thinklabs Limited
1083,GANDHITUBE,Gandhi Special Tubes Limited
1084,TEXINFRA,Texmaco Infrastructure & Holdings Limited
1085,MEDICO,Medico Remedies Limited
1086,TVSELECT,TVS Electronics Limited
1087,HEUBACHIND,Heubach Colorants India Limited
1088,VINYLINDIA,Vinyl Chemicals (India) Limited
1089,PARACABLES,Paramount Communications Limited
1090,FOODSIN,Foods & Inns Limited
1091,HLVLTD,HLV LIMITED
1092,COFFEEDAY,Coffee Day Enterprises Limited
1093,BETA,Beta Drugs Limited
1094,APEX,Apex Frozen Foods Limited
1095,YUKEN,Yuken India Limited
1096,ELIN,Elin Electronics Limited
1097,MONARCH,Monarch Networth Capital Limited
1098,DMCC,DMCC SPECIALITY CHEMICALS LIMITED
1099,CHEVIOT,Cheviot Company Limited
1100,XCHANGING,Xchanging Solutions Limited
1101,VISAKAIND,Visaka Industries Limited
1102,SUMMITSEC,Summit Securities Limited
1103,SUKHJITS,Sukhjit Starch & Chemicals Limited
1104,INDIANHUME,Indian Hume Pipe Company Limited
1105,JUBLINDS,Jubilant Industries Limited
1106,ASALCBR,Associated Alcohols & Breweries Ltd.
1107,DECCANCE,Deccan Cements Limited
1108,JAYBARMARU,Jay Bharat Maruti Limited
1109,COOLCAPS,Cool Caps Industries Limited
1110,APOLLO,Apollo Micro Systems Limited
1111,ELDEHSG,Eldeco Housing And Industries Limited
1112,HERCULES,Hercules Hoists Limited
1113,4THDIM,Fourth Dimension Solutions Limited
1114,KRITI,Kriti Industries (India) Limited
1115,AGSTRA,AGS Transact Technologies Limited
1116,NAHARPOLY,Nahar Poly Films Limited
1117,MANINDS,Man Industries (India) Limited
1118,ENIL,Entertainment Network (India) Limited
1119,SYNCOMF,Syncom Formulations (India) Limited
1120,KAMOPAINTS,Kamdhenu Ventures Limited
1121,NAGAFERT,Nagarjuna Fertilizers and Chemicals Limited
1122,SCPL,Sheetal Cool Products Limited
1123,HPL,HPL Electric & Power Limited
1124,INDOAMIN,Indo Amines Limited
1125,DCMSRIND,DCM Shriram Industries Limited
1126,MENONBE,Menon Bearings Limited
1127,VASCONEQ,Vascon Engineers Limited
1128,VLSFINANCE,VLS Finance Limited
1129,BALAXI,BALAXI PHARMACEUTICALS LIMITED
1130,ZEEMEDIA,Zee Media Corporation Limited
1131,CREATIVE,Creative Newtech Limited
1132,KRISHIVAL,Empyrean Cashews Limited
1133,SNOWMAN,Snowman Logistics Limited
1134,KOPRAN,Kopran Limited
1135,SHREYAS,Shreyas Shipping & Logistics Limited
1136,REFEX,Refex Industries Limited
1137,KSOLVES,Ksolves India Limited
1138,GFLLIMITED,GFL Limited
1139,SPECTRUM,Spectrum Electrical Industries Limited
1140,RUSHIL,Rushil Decor Limited
1141,IRISDOREME,Iris Clothings Limited
1142,BINDALAGRO,Oswal Chemicals & Fertilizers Limited
1143,SELMC,SEL Manufacturing Company Limited
1144,BHAGERIA,Bhageria Industries Limited
1145,ZUARI,Zuari Agro Chemicals Limited
1146,TALBROAUTO,Talbros Automotive Components Limited
1147,RUBYMILLS,The Ruby Mills Limited
1148,OSWALSEEDS,ShreeOswal Seeds And Chemicals Limited
1149,DPWIRES,D P Wires Limited
1150,SMSPHARMA,SMS Pharmaceuticals Limited
1151,DHARMAJ,Dharmaj Crop Guard Limited
1152,RBL,Rane Brake Lining Limited
1153,GOYALALUM,Goyal Aluminiums Limited
1154,NRL,Nupur Recyclers Limited
1155,MIRZAINT,Mirza International Limited
1156,VIKASLIFE,Vikas Lifecare Limited
1157,WINDLAS,Windlas Biotech Limited
1158,HITECHGEAR,The Hi-Tech Gears Limited
1159,SHREEPUSHK,Shree Pushkar Chemicals & Fertilisers Limited
1160,SPENCERS,Spencer's Retail Limited
1161,KANORICHEM,Kanoria Chemicals & Industries Limited
1162,JPOLYINVST,Jindal Poly Investment and Finance Company Limited
1163,ASAL,Automotive Stampings and Assemblies Limited
1164,SILVERTUC,Silver Touch Technologies Limited
1165,3IINFOLTD,3i Infotech Limited
1166,MALLCOM,Mallcom (India) Limited
1167,CREST,Crest Ventures Limited
1168,REPRO,Repro India Limited
1169,MARINE,Marine Electricals (India) Limited
1170,KECL,Kirloskar Electric Company Limited
1171,DENORA,De Nora India Limited
1172,EXXARO,Exxaro Tiles Limited
1173,MAGADSUGAR,Magadh Sugar & Energy Limited
1174,ASIANTILES,Asian Granito India Limited
1175,JAYAGROGN,Jayant Agro Organics Limited
1176,DIGISPICE,DiGiSPICE Technologies Limited
1177,BBTCL,B&B Triplewall Containers Limited
1178,PREMEXPLN,Premier Explosives Limited
1179,SWELECTES,Swelect Energy Systems Limited
1180,KELLTONTEC,Kellton Tech Solutions Limited
1181,MUTHOOTCAP,Muthoot Capital Services Limited
1182,APCL,Anjani Portland Cement Limited
1183,ASIANENE,Asian Energy Services Limited
1184,DONEAR,Donear Industries Limited
1185,ADSL,Allied Digital Services Limited
1186,BANSWRAS,Banswara Syntex Limited
1187,NAHARCAP,Nahar Capital and Financial Services Limited
1188,ICEMAKE,Ice Make Refrigeration Limited
1189,BAIDFIN,Baid Finserv Limited
1190,STCINDIA,The State Trading Corporation of India Limited
1191,TBZ,Tribhovandas Bhimji Zaveri Limited
1192,SALZERELEC,Salzer Electronics Limited
1193,IFBAGRO,IFB Agro Industries Limited
1194,PTL,PTL Enterprises Limited
1195,ARIHANTCAP,Arihant Capital Markets Limited
1196,CSLFINANCE,CSL Finance Limited
1197,JSLL,Jeena Sikho Lifecare Limited
1198,UNIVPHOTO,Universus Photo Imagings Limited
1199,HARDWYN,Hardwyn India Limited
1200,DSSL,Dynacons Systems & Solutions Limited
1201,REVATHI,Revathi Equipment Limited
1202,HCL-INSYS,HCL Infosystems Limited
1203,PLASTIBLEN,Plastiblends India Limited
1204,UNIDT,United Drilling Tools Limited
1205,CAREERP,Career Point Limited
1206,ARROWGREEN,Arrow Greentech Limited
1207,SREEL,Sreeleathers Limited
1208,SBC,SBC Exports Limited
1209,RADIOCITY,Music Broadcast Limited
1210,SERVOTECH,Servotech Power Systems Limited
1211,SAKAR,Sakar Healthcare Limited
1212,BALAJITELE,Balaji Telefilms Limited
1213,NXTDIGITAL,NXTDIGITAL LIMITED
1214,GOACARBON,Goa Carbon Limited
1215,BIRLACABLE,Birla Cable Limited
1216,RITCO,Ritco Logistics Limited
1217,SELAN,Selan Exploration Technology Limited
1218,ASCOM,Ascom Leasing & Investments Limited
1219,OSIAHYPER,Osia Hyper Retail Limited
1220,HINDCOMPOS,Hindustan Composites Limited
1221,DHANBANK,Dhanlaxmi Bank Limited
1222,DYCL,Dynamic Cables Limited
1223,DHUNINV,Dhunseri Investments Limited
1224,EIFFL,Euro India Fresh Foods Limited
1225,MUNJALAU,Munjal Auto Industries Limited
1226,NAHARINDUS,Nahar Industrial Enterprises Limited
1227,DELPHIFX,DELPHI WORLD MONEY LIMITED
1228,URJA,Urja Global Limited
1229,PRIMESECU,Prime Securities Limited
1230,NECLIFE,Nectar Lifesciences Limited
1231,NBIFIN,N. B. I. Industrial Finance Company Limited
1232,GRPLTD,GRP Limited
1233,MAWANASUG,Mawana Sugars Limited
1234,ZIMLAB,Zim Laboratories Limited
1235,PDMJEPAPER,Pudumjee Paper Products Limited
1236,ONEPOINT,One Point One Solutions Limited
1237,MAXIND,Max India Limited
1238,SHYAMCENT,Shyam Century Ferrous Limited
1239,VARDHACRLC,Vardhman Acrylics Limited
1240,RADHIKAJWE,Radhika Jeweltech Limited
1241,NPST,Network People Services Technologies Limited
1242,THEINVEST,The Investment Trust Of India Limited
1243,HTMEDIA,HT Media Limited
1244,NRAIL,N R Agarwal Industries Limited
1245,RCOM,Reliance Communications Limited
1246,DICIND,DIC India Limited
1247,OSWALAGRO,Oswal Agro Mills Limited
1248,POCL,Pondy Oxides & Chemicals Limited
1249,AARTISURF,Aarti Surfactants Limited
1250,SKMEGGPROD,SKM Egg Products Export (India) Limited
1251,SOLEX,Solex Energy Limited
1252,DEEPENR,DEEP ENERGY RESOURCES LIMITED
1253,FCSSOFT,FCS Software Solutions Limited
1254,MUNJALSHOW,Munjal Showa Limited
1255,KOTHARIPRO,Kothari Products Limited
1256,PONNIERODE,Ponni Sugars (Erode) Limited
1257,CHEMBOND,Chembond Chemicals Ltd
1258,USASEEDS,Upsurge Seeds Of Agriculture Limited
1259,KERNEX,Kernex Microsystems (India) Limited
1260,RANASUG,Rana Sugars Limited
1261,CUPID,Cupid Limited
1262,BGRENERGY,BGR Energy Systems Limited
1263,GENUSPAPER,Genus Paper & Boards Limited
1264,GSS,GSS Infotech Limited
1265,PENINLAND,Peninsula Land Limited
1266,JYOTISTRUC,Jyoti Structures Limited
1267,ADVANIHOTR,Advani Hotels & Resorts (India) Limited
1268,KAYA,Kaya Limited
1269,KOTHARIPET,Kothari Petrochemicals Limited
1270,LIBERTSHOE,Liberty Shoes Limited
1271,KHADIM,Khadim India Limited
1272,PPL,Prakash Pipes Limited
1273,VIPCLOTHNG,VIP Clothing Limited
1274,NDRAUTO,Ndr Auto Components Limited
1275,PROZONINTU,Prozone Intu Properties Limited
1276,INDOBORAX,Indo Borax & Chemicals Limited
1277,CONSOFINVT,Consolidated Finvest & Holdings Limited
1278,INDSWFTLAB,Ind-Swift Laboratories Limited
1279,ZUARIIND,ZUARI INDUSTRIES LIMITED
1280,GVKPIL,GVK Power & Infrastructure Limited
1281,SBGLP,Suratwwala Business Group Limited
1282,HIRECT,Hind Rectifiers Limited
1283,CHEMFAB,Chemfab Alkalis Limited
1284,GLOBAL,Global Education Limited
1285,ANNAPURNA,Annapurna Swadisht Limited
1286,INTLCONV,International Conveyors Limited
1287,EMKAYTOOLS,Emkay Taps and Cutting Tools Limited
1288,ORBTEXP,Orbit Exports Limited
1289,SOUTHWEST,South West Pinnacle Exploration Limited
1290,KAMATHOTEL,Kamat Hotels (I) Limited
1291,RAJMET,Rajnandini Metal Limited
1292,RAMAPHO,Rama Phosphates Limited
1293,OMINFRAL,OM INFRA LIMITED
1294,HMVL,Hindustan Media Ventures Limited
1295,AYMSYNTEX,AYM Syntex Limited
1296,MSPL,MSP Steel & Power Limited
1297,WEALTH,Wealth First Portfolio Managers Limited
1298,UNITECH,Unitech Limited
1299,WEBELSOLAR,Websol Energy System Limited
1300,NURECA,Nureca Limited
1301,LYKALABS,Lyka Labs Limited
1302,GKWLIMITED,GKW Limited
1303,MHLXMIRU,Mahalaxmi Rubtech Limited
1304,AURUM,Aurum PropTech Limited
1305,SKYGOLD,Sky Gold Limited
1306,ALBERTDAVD,Albert David Limited
1307,SHIVAUM,Shiv Aum Steels Limited
1308,PAVNAIND,Pavna Industries Limited
1309,CINELINE,Cineline India Limited
1310,KOTARISUG,Kothari Sugars And Chemicals Limited
1311,SHEMAROO,Shemaroo Entertainment Limited
1312,SILINV,SIL Investments Limited
1313,SKP,SKP Bearing Industries Limited
1314,MMP,MMP Industries Limited
1315,EQUIPPP,Equippp Social Impact Technologies Limited
1316,MANORG,Mangalam Organics Limited
1317,CYBERTECH,Cybertech Systems And Software Limited
1318,TRIGYN,Trigyn Technologies Limited
1319,SINTERCOM,Sintercom India Limited
1320,JINDALPHOT,Jindal Photo Limited
1321,SARLAPOLY,Sarla Performance Fibers Limited
1322,RUCHIRA,Ruchira Papers Limited
1323,ESSENTIA,Integra Essentia Limited
1324,MACPOWER,Macpower CNC Machines Limited
1325,AUTOIND,Autoline Industries Limited
1326,ORIENTABRA,Orient Abrasives Limited
1327,APOLSINHOT,Apollo Sindoori Hotels Limited
1328,DYNPRO,Dynemic Products Limited
1329,CLEDUCATE,CL Educate Limited
1330,PARSVNATH,Parsvnath Developers Limited
1331,GSCLCEMENT,Gujarat Sidhee Cement Limited
1332,MIRCELECTR,MIRC Electronics Limited
1333,VISHWARAJ,Vishwaraj Sugar Industries Limited
1334,HINDMOTORS,Hindustan Motors Limited
1335,NINSYS,NINtec Systems Limited
1336,NATHBIOGEN,Nath Bio-Genes (India) Limited
1337,KNAGRI,KN Agri Resources Limited
1338,GEECEE,GeeCee Ventures Limited
1339,KCPSUGIND,KCP Sugar and Industries Corporation Limited
1340,STEL,Stel Holdings Limited
1341,PODDARMENT,Poddar Pigments Limited
1342,KOTYARK,Kotyark Industries Limited
1343,HITECHCORP,Hitech Corporation Limited
1344,EUROBOND,Euro Panel Products Limited
1345,MICEL,MIC Electronics Limited
1346,ORICONENT,Oricon Enterprises Limited
1347,20MICRONS,20 Microns Limited
1348,MWL,Mangalam Worldwide Limited
1349,MINDTECK,Mindteck (India) Limited
1350,BMETRICS,Bombay Metrics Supply Chain Limited
1351,GOKUL,Gokul Refoils and Solvent Limited
1352,SECL,Salasar Exteriors and Contour Limited
1353,DUGLOBAL,DUDIGITAL GLOBAL LIMITED
1354,WEL,Wonder Electricals Limited
1355,SUPERHOUSE,Superhouse Limited
1356,LOYALTEX,Loyal Textile Mills Limited
1357,BPL,BPL Limited
1358,BIRLAMONEY,Aditya Birla Money Limited
1359,GPTINFRA,GPT Infraprojects Limited
1360,E2E,E2E Networks Limited
1361,SHIVAMAUTO,Shivam Autotech Limited
1362,DCMNVL,DCM Nouvelle Limited
1363,MAZDA,Mazda Limited
1364,MADHAVBAUG,Vaidya Sane Ayurved Laboratories Limited
1365,WINDMACHIN,Windsor Machines Limited
1366,BASML,Bannari Amman Spinning Mills Limited
1367,WALCHANNAG,Walchandnagar Industries Limited
1368,SEJALLTD,Sejal Glass Limited
1369,UCALFUEL,Ucal Fuel Systems Limited
1370,MAHEPC,Mahindra EPC Irrigation Limited
1371,V2RETAIL,V2 Retail Limited
1372,SAKUMA,Sakuma Exports Limited
1373,VERTOZ,Vertoz Advertising Limited
1374,KMSUGAR,K.M.Sugar Mills Limited
1375,ASHIMASYN,Ashima Limited
1376,UFO,UFO Moviez India Limited
1377,VIKASECO,Vikas EcoTech Limited
1378,SAKHTISUG,Sakthi Sugars Limited
1379,MAHESHWARI,Maheshwari Logistics Limited
1380,MAANALU,Maan Aluminium Limited
1381,HUBTOWN,Hubtown Limited
1382,REPL,Rudrabhishek Enterprises Limited
1383,QMSMEDI,QMS Medical Allied Services Limited
1384,MANAKSTEEL,Manaksia Steels Limited
1385,EMAMIREAL,Emami Realty Limited
1386,GENCON,Generic Engineering Construction and Projects Limited
1387,STARPAPER,Star Paper Mills Limited
1388,GUJAPOLLO,Gujarat Apollo Industries Limited
1389,JAYSREETEA,Jayshree Tea & Industries Limited
1390,NDL,Nandan Denim Limited
1391,BCONCEPTS,Brand Concepts Limited
1392,GIRRESORTS,GIR Natureview Resorts Limited
1393,SMLT,Sarthak Metals Limited
1394,TPLPLASTEH,TPL Plastech Limited
1395,TEMBO,Tembo Global Industries Limited
1396,DANGEE,Dangee Dums Limited
1397,NIPPOBATRY,Indo-National Limited
1398,ASIANHOTNR,Asian Hotels (North) Limited
1399,BRNL,Bharat Road Network Limited
1400,PPAP,PPAP Automotive Limited
1401,PASUPTAC,Pasupati Acrylon Limited
1402,FROG,Frog Cellsat Limited
1403,ASAHISONG,Asahi Songwon Colors Limited
1404,PRECOT,Precot Limited
1405,MEP,MEP Infrastructure Developers Limited
1406,VENUSREM,Venus Remedies Limited
1407,KILITCH,Kilitch Drugs (India) Limited
1408,BTML,Bodhi Tree Multimedia Limited
1409,MEGASTAR,Megastar Foods Limited
1410,DRCSYSTEMS,DRC Systems India Limited
1411,ZODIACLOTH,Zodiac Clothing Company Limited
1412,HILTON,Hilton Metal Forging Limited
1413,INDOTHAI,Indo Thai Securities Limited
1414,JITFINFRA,JITF Infralogistics Limited
1415,EROSMEDIA,Eros International Media Limited
1416,DEVIT,Dev Information Technology Limited
1417,BIL,Bhartiya International Limited
1418,EIMCOELECO,Eimco Elecon (India) Limited
1419,ANMOL,Anmol India Limited
1420,COASTCORP,Coastal Corporation Limited
1421,RAJTV,Raj Television Network Limited
1422,KORE,Jay Jalaram Technologies Limited
1423,RELCAPITAL,Reliance Capital Limited
1424,MGEL,Mangalam Global Enterprise Limited
1425,FOCE,Foce India Limited
1426,INDTERRAIN,Indian Terrain Fashions Limited
1427,TAKE,Take Solutions Limited
1428,TOTAL,Total Transport Systems Limited
1429,ACCURACY,Accuracy Shipping Limited
1430,AVG,AVG Logistics Limited
1431,HARRMALAYA,Harrisons  Malayalam Limited
1432,SHREYANIND,Shreyans Industries Limited
1433,LOKESHMACH,Lokesh Machines Limited
1434,LGBFORGE,LGB Forge Limited
1435,SYSTANGO,Systango Technologies Limited
1436,SIGMA,Sigma Solve Limited
1437,MARALOVER,Maral Overseas Limited
1438,ABAN,Aban Offshore Limited
1439,BAFNAPH,Bafna Pharmaceuticals Limited
1440,BEDMUTHA,Bedmutha Industries Limited
1441,SIMPLEXINF,Simplex Infrastructures Limited
1442,ARIES,Aries Agro Limited
1443,DTIL,Dhunseri Tea & Industries Limited
1444,KRITINUT,Kriti Nutrients Limited
1445,IVC,IL&FS Investment Managers Limited
1446,IITL,Industrial Investment Trust Limited
1447,SWASTIK,Swastik Pipe Limited
1448,AARON,Aaron Industries Limited
1449,VITAL,Vital Chemtech Limited
1450,BEWLTD,BEW Engineering Limited
1451,NILAINFRA,Nila Infrastructures Limited
1452,INDOTECH,Indo Tech Transformers Limited
1453,PVP,PVP Ventures Limited
1454,AHLEAST,Asian Hotels (East) Limited
1455,SAH,Sah Polymers Limited
1456,TIPSFILMS,Tips Films Limited
1457,PHANTOMFX,Phantom Digital Effects Limited
1458,DUCOL,Ducol Organics And Colours Limited
1459,KANPRPLA,Kanpur Plastipack Limited
1460,VINNY,Vinny Overseas Limited
1461,MCLEODRUSS,Mcleod Russel India Limited
1462,TRF,TRF Limited
1463,ALLETEC,All E Technologies Limited
1464,MANOMAY,Manomay Tex India Limited
1465,INSPIRISYS,Inspirisys Solutions Limited
1466,AIRAN,Airan Limited
1467,MODISONLTD,MODISON LIMITED
1468,MURUDCERA,Murudeshwar Ceramics Limited
1469,TIRUPATI,Shree Tirupati Balajee FIBC Limited
1470,PAR,Par Drugs And Chemicals Limited
1471,SGIL,Synergy Green Industries Limited
1472,SPLIL,SPL Industries Limited
1473,GEEKAYWIRE,Geekay Wires Limited
1474,PALREDTEC,Palred Technologies Limited
1475,ESSARSHPNG,Essar Shipping Limited
1476,SIL,Standard Industries Limited
1477,PRITI,Priti International Limited
1478,AKSHARCHEM,AksharChem India Limited
1479,RAMANEWS,Shree Rama Newsprint Limited
1480,RUCHINFRA,Ruchi Infrastructure Limited
1481,ALANKIT,Alankit Limited
1482,MEGASOFT,Megasoft Limited
1483,IZMO,IZMO Limited
1484,GULFPETRO,GP Petroleums Limited
1485,TOUCHWOOD,Touchwood Entertainment Limited
1486,SARVESHWAR,Sarveshwar Foods Limited
1487,TARMAT,Tarmat Limited
1488,RPPL,Rajshree Polypack Limited
1489,IEL,Indiabulls Enterprises Limited
1490,BHARATGEAR,Bharat Gears Limited
1491,GOLDTECH,Goldstone Technologies Limited
1492,MBLINFRA,MBL Infrastructure Limited
1493,PROPEQUITY,P. E. Analytics Limited
1494,EMKAY,Emkay Global Financial Services Limited
1495,IL&FSENGG,IL&FS Engineering and Construction Company Limited
1496,BSL,BSL Limited
1497,UNITEDPOLY,United Polyfab Gujarat Limited
1498,PASHUPATI,Pashupati Cotspin Limited
1499,SHIVATEX,Shiva Texyarn Limited
1500,MANGALAM,Mangalam Drugs And Organics Limited
1501,KRISHNADEF,Krishna Defence and Allied Industries Limited
1502,PREMIERPOL,Premier Polyfilm Limited
1503,SMSLIFE,SMS Lifesciences India Limited
1504,GOLDSTAR,Goldstar Power Limited
1505,BROOKS,Brooks Laboratories Limited
1506,VAISHALI,Vaishali Pharma Limited
1507,ALMONDZ,Almondz Global Securities Limited
1508,3RDROCK,3rd Rock Multimedia Limited
1509,PRESSMN,Pressman Advertising Limited
1510,AARVI,Aarvi Encon Limited
1511,AKSHAR,Akshar Spintex Limited
1512,LATTEYS,Latteys Industries Limited
1513,VISESHINFO,Visesh Infotecnics Limited
1514,BHAGYANGR,Bhagyanagar India Limited
1515,TTL,T T Limited
1516,SADBHAV,Sadbhav Engineering Limited
1517,COMPUSOFT,Compucom Software Limited
1518,KAKATCEM,Kakatiya Cement Sugar & Industries Limited
1519,RPPINFRA,R.P.P. Infra Projects Limited
1520,SVLL,Shree Vasu Logistics Limited
1521,SMARTLINK,Smartlink Holdings Limited
1522,ASPINWALL,Aspinwall and Company Limited
1523,LAMBODHARA,Lambodhara Textiles Limited
1524,DJML,DJ Mediaprint & Logistics Limited
1525,TIL,TIL Limited
1526,ELGIRUBCO,Elgi Rubber Company Limited
1527,JAINAM,Jainam Ferro Alloys (I) Limited
1528,WORTH,Worth Peripherals Limited
1529,ISFT,Intrasoft Technologies Limited
1530,GINNIFILA,Ginni Filaments Limited
1531,PILITA,PIL ITALICA LIFESTYLE LIMITED
1532,SOFTTECH,Softtech Engineers Limited
1533,DUCON,Ducon Infratechnologies Limited
1534,VETO,Veto Switchgears And Cables Limited
1535,RANEENGINE,Rane Engine Valve Limited
1536,AVONMORE,Avonmore Capital & Management Services Limited
1537,KBCGLOBAL,KBC Global Limited
1538,PANSARI,Pansari Developers Limited
1539,MODIRUBBER,Modi Rubber Limited
1540,INVENTURE,Inventure Growth & Securities Limited
1541,KAPSTON,Kapston Services Limited
1542,AKSHOPTFBR,Aksh Optifibre Limited
1543,JMA,Jullundur Motor Agency (Delhi) Limited
1544,EMMBI,Emmbi Industries Limited
1545,NITCO,Nitco Limited
1546,IRIS,Iris Business Services Limited
1547,SHERA,Shera Energy Limited
1548,DRSDILIP,DRS Dilip Roadlines Limited
1549,UNITEDTEA,The United Nilgiri Tea Estates Company Limited
1550,JOCIL,Jocil Limited
1551,MANAKALUCO,Manaksia Aluminium Company Limited
1552,VIPULLTD,Vipul Limited
1553,SIKKO,Sikko Industries Limited
1554,GILLANDERS,Gillanders Arbuthnot & Company Limited
1555,SVPGLOB,SVP GLOBAL TEXTILES LIMITED
1556,VISASTEEL,Visa Steel Limited
1557,DCM,DCM  Limited
1558,INTENTECH,Intense Technologies Limited
1559,TEXMOPIPES,Texmo Pipes and Products Limited
1560,WEIZMANIND,Weizmann Limited
1561,BYKE,The Byke Hospitality Ltd
1562,RAJSREESUG,Rajshree Sugars & Chemicals Limited
1563,ZODIAC,Zodiac Energy Limited
1564,ARSHIYA,Arshiya Limited
1565,UMANGDAIRY,Umang Dairies Limited
1566,LOVABLE,Lovable Lingerie Limited
1567,HOMESFY,Homesfy Realty Limited
1568,ALPHAGEO,Alphageo (India) Limited
1569,NDGL,Naga Dhunseri Group Limited
1570,PRAXIS,Praxis Home Retail Limited
1571,ARTNIRMAN,Art Nirman Limited
1572,SHIGAN,Shigan Quantum Technologies Limited
1573,NOIDATOLL,Noida Toll Bridge Company Limited
1574,UMAEXPORTS,Uma Exports Limited
1575,VELS,Vels Film International Limited
1576,ATLANTA,Atlanta  Limited
1577,MOTOGENFIN,The Motor & General Finance Limited
1578,AVROIND,AVRO INDIA LIMITED
1579,SALONA,Salona Cotspin Limited
1580,INDIANCARD,Indian Card Clothing Company Limited
1581,SPTL,Sintex Plastics Technology Limited
1582,PRITIKAUTO,Pritika Auto Industries Limited
1583,URAVI,Uravi T and Wedge Lamps Limited
1584,IVP,IVP Limited
1585,MAHAPEXLTD,Maha Rashtra Apex Corporation Limited
1586,SOMATEX,Soma Textiles & Industries Limited
1587,LEXUS,Lexus Granito (India) Limited
1588,WANBURY,Wanbury Limited
1589,LOTUSEYE,Lotus Eye Hospital and Institute Limited
1590,KREBSBIO,Krebs Biochemicals and Industries Limited
1591,RNAVAL,Reliance Naval and Engineering Limited
1592,WSI,W S Industries (I) Limited
1593,RHFL,Reliance Home Finance Limited
1594,HDIL,Housing Development and Infrastructure Limited
1595,DCI,Dc Infotech And Communication Limited
1596,RVHL,Ravinder Heights Limited
1597,XELPMOC,Xelpmoc Design And Tech Limited
1598,RKEC,RKEC Projects Limited
1599,RELCHEMQ,Reliance Chemotex Industries Limited
1600,DIL,Debock Industries Limited
1601,ATALREAL,Atal Realtech Limited
1602,KOHINOOR,Kohinoor Foods Limited
1603,SALSTEEL,S.A.L. Steel Limited
1604,A2ZINFRA,A2Z Infra Engineering Limited
1605,TARACHAND,Tara Chand InfraLogistic Solutions Limited
1606,INDOWIND,Indowind Energy Limited
1607,BLBLIMITED,BLB Limited
1608,FRETAIL,Future Retail Limited
1609,ROML,Raj Oil Mills Limited
1610,SURANAT&P,Surana Telecom and Power Limited
1611,ALPA,Alpa Laboratories Limited
1612,SUNDRMBRAK,Sundaram Brake Linings Limited
1613,PARIN,Parin Furniture Limited
1614,NILASPACES,Nila Spaces Limited
1615,AHLADA,Ahlada Engineers Limited
1616,MAGNUM,Magnum Ventures Limited
1617,REMSONSIND,Remsons Industries Limited
1618,STARTECK,Starteck Finance Limited
1619,BOHRAIND,Bohra Industries Limited
1620,COMPINFO,Compuage Infocom Limited
1621,CORALFINAC,Coral India Finance & Housing Limited
1622,MRO-TEK,MRO-TEK Realty Limited
1623,SECURKLOUD,SECUREKLOUD TECHNOLOGIES LIMITED
1624,ZEELEARN,Zee Learn Limited
1625,SADBHIN,Sadbhav Infrastructure Project Limited
1626,BALPHARMA,Bal Pharma Limited
1627,NIRAJ,Niraj Cement Structurals Limited
1628,GSTL,Globesecure Technologies Limited
1629,OBCL,Orissa Bengal Carrier Limited
1630,TAINWALCHM,Tainwala Chemical and Plastic (I) Limited
1631,ARCHIDPLY,Archidply Industries Limited
1632,JHS,JHS Svendgaard Laboratories Limited
1633,SITINET,Siti Networks Limited
1634,MUKTAARTS,Mukta Arts Limited
1635,CMNL,Chaman Metallics Limited
1636,GAYAPROJ,Gayatri Projects Limited
1637,AKG,Akg Exim Limited
1638,FCONSUMER,Future Consumer Limited
1639,PALASHSECU,Palash Securities Limited
1640,CCHHL,Country Club Hospitality & Holidays Limited
1641,SIGIND,Signet Industries Limited
1642,AIROLAM,Airo Lam limited
1643,WELINV,Welspun Investments and Commercials Limited
1644,LEMERITE,Le Merite Exports Limited
1645,CTE,Cambridge Technology Enterprises Limited
1646,UNIVASTU,Univastu India Limited
1647,SUNDARAM,Sundaram Multi Pap Limited
1648,MANAKCOAT,Manaksia Coated Metals & Industries Limited
1649,ARVEE,Arvee Laboratories (India) Limited
1650,SECURCRED,SecUR Credentials Limited
1651,ASTRON,Astron Paper & Board Mill Limited
1652,FLFL,Future Lifestyle Fashions Limited
1653,STEELCITY,Steel City Securities Limited
1654,LLOYDS,Lloyds Luxuries Limited
1655,GANGESSECU,Ganges Securities Limited
1656,INDBANK,Indbank Merchant Banking Services Limited
1657,SUMIT,Sumit Woods Limited
1658,FIBERWEB,Fiberweb (India) Limited
1659,ALKALI,Alkali Metals Limited
1660,LASA,Lasa Supergenerics Limited
1661,JAIPURKURT,Nandani Creation Limited
1662,MHHL,Mohini Health & Hygiene Limited
1663,BAHETI,Baheti Recycling Industries Limited
1664,DGCONTENT,Digicontent Limited
1665,VMARCIND,V Marc India Limited
1666,PKTEA,The Peria Karamalai Tea & Produce Company Limited
1667,DAMODARIND,Damodar Industries Limited
1668,NECCLTD,North Eastern Carrying Corporation Limited
1669,CAPTRUST,Capital Trust Limited
1670,MITCON,MITCON Consultancy & Engineering Services Limited
1671,TIRUPATIFL,Tirupati Forge Limited
1672,IL&FSTRANS,IL&FS Transportation Networks Limited
1673,SRPL,Shree Ram Proteins Limited
1674,SURYALAXMI,Suryalakshmi Cotton Mills Limited
1675,CEREBRAINT,Cerebra Integrated Technologies Limited
1676,KSHITIJPOL,Kshitij Polyline Limited
1677,LAGNAM,Lagnam Spintex Limited
1678,ANLON,Anlon Technology Solutions Limited
1679,AMJLAND,Amj Land Holdings Limited
1680,BINANIIND,Binani Industries Limited
1681,PROLIFE,Prolife Industries Limited
1682,INCREDIBLE,INCREDIBLE INDUSTRIES LIMITED
1683,SHAHALLOYS,Shah Alloys Limited
1684,AMDIND,AMD Industries Limited
1685,OMAXAUTO,Omax Autos Limited
1686,TOKYOPLAST,Tokyo Plast International Limited
1687,GROBTEA,The Grob Tea Company Limited
1688,ANIKINDS,Anik Industries Limited
1689,SURANASOL,Surana Solar Limited
1690,FIDEL,Fidel Softech Limited
1691,MAHASTEEL,Mahamaya Steel Industries Limited
1692,AURDIS,Aurangabad Distillery Limited
1693,SIMBHALS,Simbhaoli Sugars Limited
1694,GAL,Gyscoal Alloys Limited
1695,GICL,Globe International Carriers Limited
1696,KALYANIFRG,Kalyani Forge Limited
1697,HINDCON,Hindcon Chemicals Limited
1698,CORDSCABLE,Cords Cable Industries Limited
1699,YAARI,Yaari Digital Integrated Services Limited
1700,SONAMCLOCK,Sonam Clock Limited
1701,MAHICKRA,Mahickra Chemicals Limited
1702,HPIL,Hindprakash Industries Limited
1703,LPDC,Landmark Property Development Company Limited
1704,DBSTOCKBRO,DB (International) Stock Brokers Limited
1705,AUSOMENT,Ausom Enterprise Limited
1706,BALLARPUR,Ballarpur Industries Limited
1707,AVSL,AVSL Industries Limited
1708,SPMLINFRA,SPML Infra Limited
1709,BANKA,Banka BioLoo Limited
1710,GOLDENTOBC,Golden Tobacco Limited
1711,GTL,GTL Limited
1712,ENERGYDEV,Energy Development Company Limited
1713,PANACHE,Panache Digilife Limited
1714,PIGL,Power & Instrumentation (Gujarat) Limited
1715,DELTAMAGNT,Delta Manufacturing Limited
1716,SHRADHA,Shradha Infraprojects Limited
1717,PIONEEREMB,Pioneer Embroideries Limited
1718,GLOBALVECT,Global Vectra Helicorp Limited
1719,BAGFILMS,B.A.G Films and Media Limited
1720,WIPL,The Western India Plywoods Limited
1721,NITIRAJ,Nitiraj Engineers Limited
1722,BEARDSELL,Beardsell Limited
1723,KRITIKA,Kritika Wires Limited
1724,PATINTLOG,Patel Integrated Logistics Limited
1725,SETCO,Setco Automotive Limited
1726,PRAENG,Prajay Engineers Syndicate Limited
1727,ELECTHERM,Electrotherm (India) Limited
1728,UCL,Ushanti Colour Chem Limited
1729,PRAKASHSTL,Prakash Steelage Limited
1730,CINEVISTA,Cinevista Limited
1731,SUULD,Suumaya Industries Limited
1732,FLEXITUFF,Flexituff Ventures International Limited
1733,MDL,Marvel Decor Limited
1734,HISARMETAL,Hisar Metal Industries Limited
1735,SUVIDHAA,Suvidhaa Infoserve Limited
1736,BIOFILCHEM,Biofil Chemicals & Pharmaceuticals Limited
1737,MARSHALL,Marshall Machines Limited
1738,ARIHANTACA,Arihant Academy Limited
1739,CELEBRITY,Celebrity Fashions Limited
1740,VIAZ,Viaz Tyres Limited
1741,DHRUV,Dhruv Consultancy Services Limited
1742,CENTEXT,Century Extrusions Limited
1743,DOLLEX,Dollex Agrotech Limited
1744,BHANDARI,Bhandari Hosiery Exports Limited
1745,TREJHARA,TREJHARA SOLUTIONS LIMITED
1746,FELIX,Felix Industries Limited
1747,NGIL,Nakoda Group of Industries Limited
1748,SUPREMEINF,Supreme Infrastructure India Limited
1749,AGROPHOS,Agro Phos India Limited
1750,MCL,Madhav Copper Limited
1751,OILCOUNTUB,Oil Country Tubular Limited
1752,UMA,Uma Converter Limited
1753,MORARJEE,Morarjee Textiles Limited
1754,SRIVASAVI,Srivasavi Adhesive Tapes Limited
1755,AAREYDRUGS,Aarey Drugs & Pharmaceuticals Limited
1756,AAKASH,Aakash Exploration Services Limited
1757,VASWANI,Vaswani Industries Limited
1758,KANANIIND,Kanani Industries Limited
1759,ARCHIES,Archies Limited
1760,SHIVAMILLS,Shiva Mills Limited
1761,IPSL,Integrated Personnel Services Limited
1762,TREEHOUSE,Tree House Education & Accessories Limited
1763,BDR,BDR Buildcon Limited
1764,VERTEXPLUS,Vertexplus Technologies Limited
1765,KEYFINSERV,Keynote Financial Services Limited
1766,KHFM,Khfm Hospitality And Facility Management Services Limited
1767,AROGRANITE,Aro Granite Industries Limited
1768,SEYAIND,Seya Industries Limited
1769,GIRIRAJ,Giriraj Civil Developers Limited
1770,RSSOFTWARE,R. S. Software (India) Limited
1771,ORIENTLTD,Orient Press Limited
1772,EXCEL,Excel Realty N Infra Limited
1773,RELIABLE,Reliable Data Services Limited
1774,AAATECH,AAA Technologies Limited
1775,AGRITECH,Agri-Tech (India) Limited
1776,LGHL,Laxmi Goldorna House Limited
1777,SHRENIK,Shrenik Limited
1778,ANKITMETAL,Ankit Metal & Power Limited
1779,JETFREIGHT,Jet Freight Logistics Limited
1780,VARDMNPOLY,Vardhman Polytex Limited
1781,NIRMAN,Nirman Agri Gentics Limited
1782,SHREERAMA,Shree Rama Multi-Tech Limited
1783,SIDDHIKA,Siddhika Coatings Limited
1784,BVCL,Barak Valley Cements Limited
1785,KKVAPOW,KKV Agro Powers Limited
1786,HOVS,HOV Services Limited
1787,AMBANIORG,Ambani Organics Limited
1788,FSC,Future Supply Chain Solutions Limited
1789,ABMINTLLTD,ABM International Limited
1790,SEPOWER,S.E. Power Limited
1791,BANARBEADS,Banaras Beads Limited
1792,REGENCERAM,Regency Ceramics Limited
1793,PODDARHOUS,Poddar Housing and Development Limited
1794,PENTAGOLD,Penta Gold Limited
1795,PARTYCRUS,Party Cruisers Limited
1796,SONAHISONA,Sona Hi Sona Jewellers (Gujarat) Limited
1797,MALUPAPER,Malu Paper Mills Limited
1798,MOKSH,Moksh Ornaments Limited
1799,PULZ,Pulz Electronics Limited
1800,RBMINFRA,Rbm Infracon Limited
1801,ZENITHSTL,Zenith Steel Pipes & Industries Limited
1802,NIDAN,Nidan Laboratories and Healthcare Limited
1803,SAMBHAAV,Sambhaav Media Limited
1804,UWCSL,Ultra Wiring Connectivity System Limited
1805,BANG,Bang Overseas Limited
1806,MRO,M.R. Organisation Limited
1807,MINDPOOL,Mindpool Technologies Limited
1808,TAPIFRUIT,Tapi Fruit Processing Limited
1809,ABCOTS,A B Cotspin India Limited
1810,PNC,Pritish Nandy Communications Limited
1811,SURANI,Surani Steel Tubes Limited
1812,PRECISION,Precision Metaliks Limited
1813,TIMESGTY,Times Guaranty Limited
1814,MANUGRAPH,Manugraph India Limited
1815,ZENITHEXPO,Zenith Exports Limited
1816,AARVEEDEN,Aarvee Denims & Exports Limited
1817,SOMICONVEY,Somi Conveyor Beltings Limited
1818,DKEGL,D.K. Enterprises Global Limited
1819,ARHAM,Arham Technologies Limited
1820,TIMESCAN,Timescan Logistics (India) Limited
1821,SGL,STL Global Limited
1822,WEWIN,WE WIN LIMITED
1823,CMRSL,Cyber Media Research & Services Limited
1824,SONUINFRA,Sonu Infratech Limited
1825,VIVIANA,Viviana Power Tech Limited
1826,AKASH,Akash Infra-Projects Limited
1827,INDSWFTLTD,Ind-Swift Limited
1828,KARMAENG,Karma Energy Limited
1829,NAGREEKEXP,Nagreeka Exports Limited
1830,BURNPUR,Burnpur Cement Limited
1831,NIBL,NRB Industrial Bearings Limited
1832,CUBEXTUB,Cubex Tubings Limited
1833,AISL,ANI Integrated Services Limited
1834,SHAIVAL,Shaival Reality Limited
1835,VINEETLAB,Vineet Laboratories Limited
1836,ARISTO,Aristo Bio-Tech And Lifescience Limited
1837,TERASOFT,Tera Software Limited
1838,CROWN,Crown Lifters Limited
1839,JFLLIFE,Jfl Life Sciences Limited
1840,GLOBE,Globe Textiles (India) Limited
1841,3PLAND,3P Land Holdings Limited
1842,VERA,Vera Synthetic Limited
1843,MILTON,Milton Industries Limited
1844,ADROITINFO,Adroit Infotech Limited
1845,SHUBHLAXMI,Shubhlaxmi Jewel Art Limited
1846,AGNI,Agni Green Power Limited
1847,LFIC,Lakshmi Finance & Industrial Corporation Limited
1848,VSCL,Vadivarhe Speciality Chemicals Limited
1849,MADHAV,Madhav Marbles and Granites Limited
1850,UJAAS,Ujaas Energy Limited
1851,SUPERSPIN,Super Spinning Mills Limited
1852,RKDL,Ravi Kumar Distilleries Limited
1853,AMBICAAGAR,Ambica Agarbathies & Aroma industries Limited
1854,ACEINTEG,Ace Integrated Solutions Limited
1855,OMFURN,Omfurn India Limited
1856,SWARAJ,Swaraj Suiting Limited
1857,AJOONI,Ajooni Biotech Limited
1858,KHANDSE,Khandwala Securities Limited
1859,SAGARDEEP,Sagardeep Alloys Limited
1860,REXPIPES,Rex Pipes And Cables Industries Limited
1861,ADL,Archidply Decor Limited
1862,MCON,Mcon Rasayan India Limited
1863,CADSYS,Cadsys (India) Limited
1864,HBSL,HB Stockholdings Limited
1865,SANGINITA,Sanginita Chemicals Limited
1866,GANGAFORGE,Ganga Forging Limited
1867,ABINFRA,A B Infrabuild Limited
1868,PERFECT,Perfect Infraengineers Limited
1869,NARMADA,Narmada Agrobase Limited
1870,RMDRIP,R M Drip and Sprinklers Systems Limited
1871,NAGREEKCAP,Nagreeka Capital & Infrastructure Limited
1872,LAXMICOT,Laxmi Cotspin Limited
1873,PEARLPOLY,Pearl Polymers Limited
1874,HECPROJECT,HEC Infra Projects Limited
1875,SANWARIA,Sanwaria Consumer Limited
1876,MEGAFLEX,Mega Flex Plastics Limited
1877,GISOLUTION,GI Engineering Solutions Limited
1878,PARASPETRO,Paras Petrofils Limited
1879,RITEZONE,Rite Zone Chemcon India Limited
1880,HEADSUP,Heads UP Ventures Limited
1881,VCL,Vaxtex Cotfab Limited
1882,PRITIKA,Pritika Engineering Components Limited
1883,KEEPLEARN,DSJ Keep Learning Limited
1884,COUNCODOS,Country Condo's Limited
1885,ROLTA,Rolta India Limited
1886,DHARSUGAR,Dharani Sugars & Chemicals Limited
1887,ASLIND,ASL Industries Limited
1888,AGARWALFT,Agarwal Float Glass India Limited
1889,NEXTMEDIA,Next Mediaworks Limited
1890,RICHA,Richa Info Systems Limited
1891,DNAMEDIA,Diligent Media Corporation Limited
1892,AMEYA,Ameya Precision Engineers Limited
1893,DYNAMIC,Dynamic Services & Security Limited
1894,LIBAS,Libas Consumer Products Limited
1895,JETKNIT,Jet Knitwears Limited
1896,BALKRISHNA,Balkrishna Paper Mills Limited
1897,MTEDUCARE,MT Educare Limited
1898,GODHA,Godha Cabcon & Insulation Limited
1899,GOENKA,Goenka Diamond and Jewels Limited
1900,HAVISHA,Sri Havisha Hospitality and Infrastructure Limited
1901,QUADPRO,Quadpro Ites Limited
1902,QFIL,Quality Foils (India) Limited
1903,MADHUCON,Madhucon Projects Limited
1904,ROLLT,Rollatainers Limited
1905,CYBERMEDIA,Cyber Media (India) Limited
1906,JAKHARIA,JAKHARIA FABRIC LIMITED
1907,VEEKAYEM,Veekayem Fashion and Apparels Limited
1908,TGBHOTELS,TGB Banquets And Hotels Limited
1909,VIVIDHA,Visagar Polytex Limited
1910,FMNL,Future Market Networks Limited
1911,WALPAR,Walpar Nutritions Limited
1912,DESTINY,Destiny Logistics & Infra Limited
1913,SUMEETINDS,Sumeet Industries Limited
1914,ICDSLTD,ICDS Limited
1915,LRRPL,Lead Reclaim And Rubber Products Limited
1916,MPTODAY,Madhya Pradesh Today Media Limited
1917,21STCENMGM,21st Century Management Services Limited
1918,HYBRIDFIN,Hybrid Financial Services Limited
1919,SABAR,Sabar Flex India Limited
1920,TFL,Transwarranty Finance Limited
1921,IMPEXFERRO,Impex Ferro Tech Limited
1922,INFOMEDIA,Infomedia Press Limited
1923,NKIND,NK Industries Limited
1924,SHANTI,Shanti Overseas (India) Limited
1925,GRCL,Gayatri Rubbers And Chemicals Limited
1926,FEL,Future Enterprises Limited
1927,THOMASCOTT,Thomas Scott (India) Limited
1928,KHAITANLTD,Khaitan (India) Limited
1929,WILLAMAGOR,Williamson Magor & Company Limited
1930,LCCINFOTEC,LCC Infotech Limited
1931,UNIINFO,Uniinfo Telecom Services Limited
1932,ASMS,Bartronics India Limited
1933,VIVO,Vivo Collaboration Solutions Limited
1934,GAYAHWS,Gayatri Highways Limited
1935,CALSOFT,California Software Company Limited
1936,MOXSH,Moxsh Overseas Educon Limited
1937,ORIENTALTL,Oriental Trimex Limited
1938,ONELIFECAP,Onelife Capital Advisors Limited
1939,VIJIFIN,Viji Finance Limited
1940,DIGJAMLMTD,Digjam Limited
1941,KRIDHANINF,Kridhan Infra Limited
1942,SILLYMONKS,Silly Monks Entertainment Limited
1943,MAKS,Maks Energy Solutions India Limited
1944,TANTIACONS,Tantia Constructions Limited
1945,SUPREMEENG,Supreme Engineering Limited
1946,SILGO,Silgo Retail Limited
1947,MOHITIND,Mohit Industries Limited
1948,EDUCOMP,Educomp Solutions Limited
1949,EASTSILK,Eastern Silk Industries Limited
1950,KANDARP,Kandarp Digi Smart BPO Limited
1951,CMICABLES,CMI Limited
1952,NATNLSTEEL,National Steel And Agro Industries Limited
1953,MITTAL,Mittal Life Style Limited
1954,SPRL,Sp Refractories Limited
1955,ORTINLAB,Ortin Laboratories Limited
1956,BRIGHT,Bright Solar Limited
1957,KAUSHALYA,Kaushalya Infrastructure Development Corporation Limited
1958,GUJRAFFIA,Gujarat Raffia Industries Limited
1959,MASKINVEST,Mask Investments Limited
1960,ISHAN,Ishan International Limited
1961,CONTI,Continental Seeds and Chemicals Limited
1962,AMIABLE,Amiable Logistics (India) Limited
1963,AILIMITED,Abhishek Integrations Limited
1964,EUROTEXIND,Eurotex Industries and Exports Limited
1965,TIJARIA,Tijaria Polypipes Limited
1966,TNTELE,Tamilnadu Telecommunication Limited
1967,KALYANI,Kalyani Commercials Limited
1968,SETUINFRA,Setubandhan Infrastructure Limited
1969,GRETEX,Gretex Industries Limited
1970,LYPSAGEMS,Lypsa Gems & Jewellery Limited
1971,METALFORGE,Metalyst Forgings Limited
1972,SSINFRA,S.S. Infrastructure Development Consultants Limited
1973,SMVD,SMVD Poly Pack Limited
1974,RMCL,Radha Madhav Corporation Limited
1975,JALAN,Jalan Transolutions (India) Limited
1976,SANCO,Sanco Industries Limited
1977,VASA,Vasa Retail and Overseas Ltd
1978,KAVVERITEL,Kavveri Telecom Products Limited
1979,TECHIN,Techindia Nirman Limited
1980,NORBTEAEXP,Norben Tea & Exports Limited
1981,KCK,Kck Industries Limited
1982,SPENTEX,Spentex Industries Limited
1983,CREATIVEYE,Creative Eye Limited
1984,ANTGRAPHIC,Antarctica Limited
1985,TVVISION,TV Vision Limited
1986,ABNINT,A B N Intercorp Limited
1987,ARENTERP,Rajdarshan Industries Limited
1988,UMESLTD,Usha Martin Education & Solutions Limited
1989,SHYAMTEL,Shyam Telecom Limited
1990,MANAV,Manav Infra Projects Limited
1991,ACCORD,Accord Synergy Limited
1992,DRL,Dhanuka Realty Limited
1993,GLFL,Gujarat Lease Financing Limited
1994,CMMIPL,CMM Infraprojects Limited
1995,NIRAJISPAT,Niraj Ispat Industries Limited
1996,DCMFINSERV,DCM Financial Services Limited
1997,SRIRAM,Shri Ram Switchgears Limited
1998,PREMIER,Premier Limited
1999,SKSTEXTILE,SKS Textiles Limited
2000,SABTN,Sri Adhikari Brothers Television Network Limited
2001,TARAPUR,Tarapur Transformers Limited
2002,BKMINDST,Bkm Industries Limited
2003,ALPSINDUS,Alps Industries Limited
2004,AHIMSA,Ahimsa Industries Limited
2005,BHALCHANDR,Bhalchandram Clothing Limited
2006,INNOVATIVE,Innovative Tyres and Tubes Limited
2007,LAKPRE,Lakshmi Precision Screws Limited
2008,TRANSWIND,Transwind Infrastructures Limited
2009,MELSTAR,Melstar Information Technologies Limited
2010,SABEVENTS,Sab Events & Governance Now Media Limited
2011,INDLMETER,IMP Powers Limited
2012,TECILCHEM,TECIL Chemicals and Hydro Power Limited
2013,ABHISHEK,Abhishek Corporation Limited
2014,AHLWEST,Asian Hotels (West) Limited
2015,AIFL,Ashapura Intimates Fashion Limited
2016,AJRINFRA,AJR Infra And Tolling Limited
2017,ALCHEM,Alchemist Limited
2018,AMJUMBO,A And M Jumbo Bags Limited
2019,ANDHRACEMT,Andhra Cements Limited
2020,ANSALAPI,Ansal Properties & Infrastructure Limited
2021,ARCOTECH,Arcotech Limited
2022,ARSSINFRA,Arss Infrastructure Projects Limited
2023,ARTEDZ,Artedz Fabs Limited
2024,ASIL,Amit Spinning Industries Limited
2025,ATCOM,Atcom Technologies Limited
2026,ATLASCYCLE,Atlas Cycles (Haryana) Limited
2027,ATNINTER,ATN International Limited
2028,AUTOLITIND,Autolite (India) Limited
2029,AUTORIDFIN,Autoriders Finance Limited
2030,BANSAL,Bansal Multiflex Limited
2031,BGLOBAL,Bharatiya Global Infomedia Limited
2032,BHARATIDIL,Bharati Defence and Infrastructure Limited
2033,BILENERGY,Bil Energy Systems Limited
2034,BIRLATYRE,Birla Tyres Limited
2035,BLUEBLENDS,Blue Blends (I) Limited
2036,BLUECHIP,Blue Chip India Limited
2037,BLUECOAST,Blue Coast Hotels Limited
2038,BRFL,Bombay Rayon Fashions Limited
2039,CANDC,C & C Constructions Limited
2040,CCCL,Consolidated Construction Consortium Limited
2041,CELESTIAL,Celestial Biolabs Limited
2042,CKFSL,Cox & Kings Financial Service Limited
2043,DFMFOODS,DFM Foods Limited
2044,DIAPOWER,Diamond Power Infra Ltd
2045,DOLPHINOFF,Dolphin Offshore Enterprises (India) Limited
2046,DQE,DQ Entertainment (International) Limited
2047,DSKULKARNI,DS Kulkarni Developers Limited
2048,EASTSUGIND,Eastern Sug & Inds Limited
2049,EASUNREYRL,Easun Reyrolle Limited
2050,EMCO,Emco Limited
2051,EON,Eon Electric Limited
2052,EUROCERA,Euro Ceramics Limited
2053,EUROMULTI,Euro Multivision Limited
2054,FEDDERELEC,Fedders Electric and Engineering Limited
2055,FIVECORE,Five Core Electronics Limited
2056,GAMMONIND,Gammon India Limited
2057,GANGOTRI,Gangotri Textiles Limited
2058,GBGLOBAL,GB Global Limited
2059,GFSTEELS,Grand Foundry Limited
2060,GITANJALI,Gitanjali Gems Limited
2061,HINDNATGLS,Hindusthan National Glass & Industries Limited
2062,ICSA,ICSA (India) Limited
2063,INDOSOLAR,Indosolar Limited
2064,IVRCLINFRA,IVRCL Limited
2065,JAINSTUDIO,Jain Studios Limited
2066,JBFIND,JBF Industries Limited
2067,JIKIND,JIK Industries Limited
2068,JINDCOT,Jindal Cotex Limited
2069,JMTAUTOLTD,JMT Auto Limited
2070,JPINFRATEC,Jaypee Infratech Limited
2071,KEERTI,Keerti Knowledge And Skills Limited
2072,KGL,Karuturi Global Limited
2073,KSERASERA,KSS Limited
2074,KSK,KSK Energy Ventures Limited
2075,LAKSHMIEFL,Lakshmi Energy and Foods Limited
2076,LEEL,LEEL Electricals Limited
2077,MANPASAND,Manpasand Beverages Limited
2078,MBECL,Mcnally Bharat Engineering Company Limited
2079,MCDHOLDING,McDowell Holdings Limited
2080,MERCATOR,Mercator Limited
2081,METKORE,Metkore Alloys & Industries Limited
2082,MODTHREAD,Modern Thread Limited
2083,MOHOTAIND,Mohota Industries Limited
2084,MVL,MVL Limited
2085,NAKODA,Nakoda Limited
2086,NITINFIRE,Nitin Fire Protection Industries Limited
2087,NTL,Neueon Towers Limited
2088,NUTEK,Nu Tek India Limited
2089,OISL,OCL Iron and Steel Limited
2090,OMKARCHEM,Omkar Speciality Chemicals Limited
2091,OPAL,Opal Luxury Time Products Limited
2092,OPTOCIRCUI,Opto Circuits (India) Limited
2093,ORTEL,Ortel Communications Limited
2094,PDPL,Parenteral Drugs (India) Limited
2095,PINCON,Pincon Spirit Limited
2096,PRATIBHA,Pratibha Industries Limited
2097,PRUDMOULI,Prudential Sugar Corporation Limited
2098,PSL,PSL Limited
2099,PUNJLLOYD,Punj Lloyd Limited
2100,QUINTEGRA,Quintegra Solutions Limited
2101,RADAAN,Radaan Mediaworks India Limited
2102,RAINBOWPAP,Rainbow Papers Limited
2103,RAJVIR,Rajvir Industries Limited
2104,RMMIL,Resurgere Mines & Minerals Limited
2105,RUSHABEAR,Rushabh Precision Bearings Limited
2106,S&SPOWER,S&S Power Switchgears Limited
2107,SATHAISPAT,Sathavahana Ispat Limited
2108,SBIHOMEFIN,SBI Home Finance Limited
2109,SHARONBIO,Sharon Bio-Medicine Limited
2110,SHIRPUR-G,Shirpur Gold Refinery Limited
2111,SICAL,Sical Logistics Limited
2112,SIIL,Supreme (India) Impex Limited
2113,SKIL,Skil Infrastructure Limited
2114,SONISOYA,Soni Soya Products Limited
2115,SPYL,Shekhawati Poly-Yarn Limited
2116,SREINFRA,SREI Infrastructure Finance Limited
2117,STAMPEDE,Stampede Capital Limited
2118,TALWALKARS,Talwalkars Better Value Fitness Limited
2119,TALWGYM,Talwalkars Healthclubs Limited
2120,TCIFINANCE,TCI Finance Limited
2121,TECHNOFAB,Technofab Engineering Limited
2122,THIRUSUGAR,Thiru Arooran Sugars Limited
2123,TULSI,Tulsi Extrusions Limited
2124,UNIPLY,Uniply Industries Limited
2125,UNITY,Unity Infraprojects Limited
2126,UNIVAFOODS,Univa Foods Limited
2127,USK,Udayshivakumar Infra Limited
2128,VALECHAENG,Valecha Engineering Limited
2129,VALUEIND,Value Industries Limited
2130,VICEROY,Viceroy Hotels Limited
2131,VIDEOIND,Videocon Industries Limited
2132,VIKASPROP,Vikas Proppant & Granite Limited
2133,VISUINTL,Visu International Limited
2134,VIVIMEDLAB,Vivimed Labs Limited
2135,WINSOME,Winsome Yarns Limited
2136,ZICOM,Zicom Electronic Security Systems Limited
